575.932;36.29199981689453;False;[8190, 8190, 8190, 8190, 8190, 8190, 8190, 8190, 56, 8190, 8190, 8190, 8190, 8190, 8190, 8190, 8190, 8190];-0.22464558482170105;-0.0894220322370529;-0.15049073100090027;0.02741350419819355;0.02413504384458065;0.9396623969078064;0.5047500133514404;1.0368332862854004;0.06208333373069763;0;0;-0.07350903004407883;False;[True, True, True];-0.9805550575256348;0.18603934347629547
576.001;36.29199981689453;False;[8190, 8190, 8190, 8190, 8190, 8190, 8190, 8190, 64, 8190, 8190, 8190, 8190, 8190, 8190, 8190, 8190, 8190];-0.15097540616989136;-0.12044104933738708;-0.19338423013687134;0.0298122838139534;0.01958550326526165;0.9780815839767456;0.503083348274231;1.03808331489563;0.057500001043081284;0;0;-0.08502716571092606;False;[True, True, True];-0.9805550575256348;0.18603934347629547
576.078;36.29199981689453;False;[8190, 8190, 8190, 8190, 8190, 8190, 8190, 8190, 104, 8190, 8190, 8190, 8190, 8190, 8190, 8190, 8190, 8190];-0.007633587811142206;-0.09160305559635162;-0.1221374049782753;0.0167236328125;0.01348876953125;0.55133056640625;0.5043333172798157;1.0426666736602783;0.057500001043081284;0;0;-0.0677133873105049;False;[True, True, True];-0.9805550575256348;0.18603934347629547
576.154;36.29199981689453;False;[8190, 8190, 8190, 8190, 8190, 8190, 8190, 8190, 198, 8190, 8190, 8190, 8190, 8190, 8190, 8190, 8190, 8190];-0.5160305500030518;-0.198473259806633;-0.13435114920139313;0.02890625037252903;0.01669921912252903;0.883447289466858;0.495416671037674;1.0475000143051147;0.05624999850988388;0;0;-0.0886419415473938;False;[True, True, True];-0.9805550575256348;0.18603934347629547
576.532;36.29199981689453;False;[8190, 8190, 8190, 8190, 8190, 8190, 8190, 8190, 319, 8190, 8190, 8190, 8190, 8190, 8190, 8190, 8190, 8190];-0.20356233417987823;-0.152671754360199;-0.13740457594394684;0.022216796875;0.016845703125;0.734375;0.5022500157356262;1.0405833721160889;0.06041666492819786;0;0;-0.0764850527048111;False;[True, True, True];-0.9805550575256348;0.18603934347629547
576.611;36.29199981689453;False;[8190, 8190, 8190, 8190, 8190, 8190, 8190, 8190, 319, 8190, 8190, 8190, 8190, 8190, 8190, 8190, 8190, 8190];-0.09414758533239365;-0.1221374049782753;-0.15267176926136017;0.0269775390625;0.01991780661046505;0.9182332158088684;0.4962500035762787;1.0454167127609253;0.0545833334326744;0;0;-0.0844043493270874;False;[True, True, True];-0.9805550575256348;0.18603934347629547
576.835;36.29199981689453;False;[8190, 8190, 8190, 8190, 8190, 8190, 8190, 8190, 322, 8190, 8190, 8190, 8190, 8190, 8190, 8190, 8190, 8190];0.24936388432979584;0.020356234163045883;-0.21628499031066895;0.02705891989171505;0.01995849609375;0.9190470576286316;0.5012500286102295;1.03808331489563;0.0612500011920929;0;0;-0.0876675695180893;False;[True, True, True];-0.9805550575256348;0.18603934347629547
576.904;36.29199981689453;False;[8190, 8190, 8190, 8190, 8190, 8190, 8190, 8190, 316, 8190, 8190, 8190, 8190, 8190, 8190, 8190, 8190, 8190];-0.09596510231494904;-0.13522355258464813;-0.1679389327764511;0.02852957509458065;0.02298409678041935;0.9449637532234192;0.50683331489563;1.0422500371932983;0.057500001043081284;0;0;-0.0825405865907669;False;[True, True, True];-0.9805550575256348;0.18603934347629547
576.975;36.29199981689453;False;[8190, 8190, 8190, 8190, 8190, 8190, 8190, 8190, 314, 8190, 8190, 8190, 8190, 8190, 8190, 8190, 8190, 8190];-0.3426632583141327;-0.1543681025505066;-0.2239186018705368;0.0314127616584301;0.02132161520421505;0.9794650673866272;0.50683331489563;1.0422500371932983;0.057500001043081284;0;0;-0.0928792506456375;False;[True, True, True];-0.9805550575256348;0.18603934347629547
577.046;36.29199981689453;False;[8190, 8190, 8190, 8190, 8190, 8190, 8190, 8190, 310, 8190, 8190, 8190, 8190, 8190, 8190, 8190, 8190, 8190];0.20610687136650085;0.022900763899087906;-0.1450381726026535;0.016845703125;0.01129150390625;0.55023193359375;0.4975000023841858;1.0389167070388794;0.05416666716337204;0;0;-0.09402426332235336;False;[True, True, True];-0.9805550575256348;0.18603934347629547
577.124;36.29199981689453;False;[8190, 8190, 8190, 8190, 8190, 8190, 8190, 8190, 317, 8190, 8190, 8190, 8190, 8190, 8190, 8190, 8190, 8190];0.09541984647512436;-0.0648854970932007;-0.17175573110580444;0.02435302734375;0.019805908203125;0.826995849609375;0.4975000023841858;1.0389167070388794;0.05416666716337204;0;0;-0.0761888474225998;False;[True, True, True];-0.9805550575256348;0.18603934347629547
577.453;36.29199981689453;False;[8190, 8190, 8190, 8190, 8190, 8190, 8190, 8190, 274, 8190, 8190, 8190, 8190, 8190, 8190, 8190, 8190, 8190];-2.2035624980926514;-0.5648854970932007;-0.040712468326091766;0.025146484375;-0.0039876303635537624;0.736328125;0.5016666650772095;1.0360000133514404;0.057083334773778915;0;0;-0.1330661028623581;False;[True, True, True];-0.9805550575256348;0.18603934347629547
577.762;36.29199981689453;False;[8190, 8190, 8190, 8190, 8190, 8190, 8190, 8190, 8190, 221, 8190, 8190, 8190, 8190, 8190, 8190, 8190, 8190];-6.528625965118408;-1.751908302307129;-0.007633587811142206;0.024993896484375;0.0347747802734375;0.9637603759765625;0.5039166808128357;1.0466666221618652;0.057083334773778915;0;0;0.0506061539053917;False;[True, True, True];-0.9805550575256348;0.18603934347629547
578.061;36.29199981689453;False;[8190, 8190, 8190, 8190, 8190, 8190, 8190, 8190, 137, 8190, 8190, 8190, 8190, 8190, 8190, 8190, 8190, 8190];-2.7430026531219482;0.13740457594394684;-36.64122009277344;0.0362141914665699;0.015380859375;0.7333170771598816;0.4945833384990692;1.0445833206176758;0.059583332389593124;0;0;0.13320958614349365;False;[True, True, True];-0.9805550575256348;0.18603934347629547
578.141;36.29199981689453;False;[8190, 8190, 8190, 8190, 8190, 8190, 8190, 8190, 8190, 76, 8190, 8190, 8190, 8190, 8190, 8190, 8190, 8190];-4.12977123260498;-0.11704834550619125;-52.0610694885254;0.02596028707921505;-0.0009562174673192203;0.9212849736213684;0.5018333196640015;1.0401666164398193;0.05833333358168602;0;0;-0.0714484751224518;False;[True, True, True];-0.9805550575256348;0.18603934347629547
578.376;36.29199981689453;False;[8190, 8190, 8190, 8190, 8190, 8190, 8190, 8190, 83, 8190, 8190, 8190, 8190, 8190, 8190, 8190, 8190, 8190];-7.860687255859375;-0.4923664331436157;-68.1011428833008;0.031341552734375;0.0262298583984375;0.9649810791015625;0.4970833361148834;1.0397499799728394;0.059166666120290756;0;0;-0.23739959299564362;False;[True, True, True];-0.9805550575256348;0.18603934347629547
578.446;36.29199981689453;False;[8190, 8190, 8190, 8190, 8190, 8190, 8190, 8190, 8190, 268, 8190, 8190, 8190, 8190, 8190, 8190, 8190, 8190];-3.082273244857788;0.6463103890419006;-75.9915237426758;0.030517578125;0.0074055991135537624;0.9811198115348816;0.4970833361148834;1.0397499799728394;0.059166666120290756;0;0;0.2700755298137665;False;[True, True, True];-0.9805550575256348;0.18603934347629547
578.523;36.29199981689453;False;[8190, 8190, 8190, 8190, 8190, 8190, 8190, 8190, 331, 8190, 8190, 8190, 8190, 8190, 8190, 8190, 8190, 8190];-3.8371498584747314;0.1323155164718628;-55.08396911621094;0.02547200582921505;0.009928385727107525;0.736572265625;0.4970833361148834;1.0397499799728394;0.059166666120290756;0;0;-0.226626381278038;False;[True, True, True];-0.9805550575256348;0.18603934347629547
578.693;36.29199981689453;False;[8190, 8190, 8190, 8190, 8190, 8190, 8190, 8190, 8190, 8190, 388, 8190, 8190, 8190, 8190, 8190, 8190, 8190];-3.3129770755767822;0.022900763899087906;-50.1832046508789;0.01953125;0.01092529296875;0.55145263671875;0.503499984741211;1.0401666164398193;0.0599999986588955;0;0;0.326572299003601;False;[True, True, True];-0.9805550575256348;0.18603934347629547
578.772;36.29199981689453;False;[8190, 8190, 8190, 8190, 8190, 8190, 8190, 8190, 396, 8190, 8190, 8190, 8190, 8190, 8190, 8190, 8190, 8190];-0.06106870248913765;1.0198472738265991;-78.5190887451172;0.02880859375;0.004345702938735485;0.882714867591858;0.503499984741211;1.0401666164398193;0.0599999986588955;0;0;0.21845731139183044;False;[True, True, True];-0.9805550575256348;0.18603934347629547
578.993;36.29199981689453;False;[8190, 8190, 8190, 8190, 8190, 8190, 8190, 8190, 8190, 8190, 364, 8190, 8190, 8190, 8190, 8190, 8190, 8190];7.032061576843262;1.7648855447769165;-30.745037078857422;0.02958984300494194;0.02768554724752903;0.883740246295929;0.5022500157356262;1.03725004196167;0.059166666120290756;0;0;0.5414329767227173;False;[True, True, True];-0.9805550575256348;0.18603934347629547
579.062;36.29199981689453;False;[8190, 8190, 8190, 8190, 8190, 8190, 8190, 8190, 344, 8190, 8190, 8190, 8190, 8190, 8190, 8190, 8190, 8190];8.32569980621338;2.05343508720398;-42.37404251098633;0.01973470114171505;0.1012166365981102;0.90789794921875;0.49916666746139526;1.0458333492279053;0.054999999701976776;0;0;-0.3289678394794464;False;[True, True, True];-0.9805550575256348;0.18603934347629547
579.135;36.29199981689453;False;[8190, 8190, 8190, 8190, 8190, 8190, 8190, 8190, 8190, 8190, 8190, 327, 8190, 8190, 8190, 8190, 8190, 8190];-5.076335906982422;-1.8053436279296875;-48.78435134887695;0.015045166015625;0.0740814208984375;0.9602813720703125;0.5043333172798157;1.0401666164398193;0.05874999985098839;0;0;-0.691118836402893;False;[True, True, True];-0.9805550575256348;0.18603934347629547
579.305;36.29199981689453;False;[8190, 8190, 8190, 8190, 8190, 8190, 8190, 8190, 8190, 8190, 8190, 306, 8190, 8190, 8190, 8190, 8190, 8190];-7.209923267364502;-1.977099061012268;-72.5457992553711;0.02508544921875;0.0598907470703125;0.9638519287109375;0.5043333172798157;1.0401666164398193;0.05874999985098839;0;0;0.29939359426498413;False;[True, True, True];-0.9805550575256348;0.18603934347629547
579.374;36.29199981689453;False;[8190, 8190, 8190, 8190, 8190, 8190, 8190, 8190, 8190, 8190, 8190, 320, 8190, 8190, 8190, 8190, 8190, 8190];-10.83460521697998;-2.6666667461395264;-72.74300384521484;0.022216796875;0.0604654960334301;0.9786241054534912;0.5051666498184204;1.0418332815170288;0.055416665971279144;0;0;-0.1860044300556183;False;[True, True, True];-0.9805550575256348;0.18603934347629547
579.442;36.29199981689453;False;[8190, 8190, 8190, 8190, 8190, 8190, 8190, 8190, 8190, 8190, 8190, 317, 8190, 8190, 8190, 8190, 8190, 8190];-11.740457534790039;-2.603053569793701;-71.40763092041016;0.03205566480755806;0.03953857347369194;0.991320788860321;0.5012500286102295;1.0418332815170288;0.057083334773778915;0;0;0.19711223244667053;False;[True, True, True];-0.9805550575256348;0.18603934347629547
579.604;36.29199981689453;False;[8190, 8190, 8190, 8190, 8190, 8190, 8190, 8190, 8190, 8190, 8190, 8191, 8190, 8190, 8190, 8190, 8190, 8190];-1.2943172454833984;0.36132314801216125;-71.8592071533203;0.0296766497194767;0.0251736119389534;0.9788682460784912;0.4983333349227905;1.0393333435058594;0.05375000089406967;0;0;0.7704684734344482;False;[True, True, True];-0.9805550575256348;0.18603934347629547
579.674;36.29199981689453;False;[8190, 8190, 8190, 8190, 8190, 8190, 8190, 8190, 8191, 8190, 8190, 8190, 8190, 8190, 8190, 8190, 8190, 8190];-1.73435115814209;0.013740455731749535;-69.36488342285156;0.02211914025247097;0.04547119140625;0.991369605064392;0.4983333349227905;1.0393333435058594;0.05375000089406967;0;0;-0.7959548830986023;False;[True, True, True];-0.9805550575256348;0.18603934347629547
579.911;36.29199981689453;False;[8190, 8190, 8190, 8190, 8190, 8190, 8190, 8190, 8190, 423, 8190, 8190, 8190, 8190, 8190, 8190, 8190, 8190];-6.23409652709961;-1.501272201538086;-0.05089058354496956;0.02888997457921505;-0.0037434895057231188;0.7262369990348816;0.4945833384990692;1.0418332815170288;0.05874999985098839;0;0;-0.08042313158512115;False;[True, True, True];-0.9805550575256348;0.18603934347629547
579.99;36.29199981689453;False;[8190, 8190, 8190, 8190, 8190, 8190, 8190, 8190, 434, 8190, 8190, 8190, 8190, 8190, 8190, 8190, 8190, 8190];5.206106662750244;1.1323155164718628;-0.47073790431022644;0.03173828125;0.008158366195857525;0.9197794795036316;0.4975000023841858;1.0414166450500488;0.05225000157952309;0;0;-0.11796602606773376;False;[True, True, True];-0.9805550575256348;0.18603934347629547
580.213;36.29199981689453;False;[8190, 8190, 8190, 8190, 8190, 8190, 8190, 8190, 419, 8190, 8190, 8190, 8190, 8190, 8190, 8190, 8190, 8190];-2.0966920852661133;-0.5190839171409607;-0.1221374049782753;0.0338948555290699;-0.01251220703125;0.9237263798713684;0.503083348274231;1.03849995136261;0.059583332389593124;0;0;-0.23116201162338257;False;[True, True, True];-0.9805550575256348;0.18603934347629547
580.279;36.29199981689453;False;[8190, 8190, 8190, 8190, 8190, 8190, 8190, 8190, 8191, 8190, 8190, 8190, 8190, 8190, 8190, 8190, 8190, 8190];4.34460163116455;0.972737193107605;-0.38604143261909485;0.02556501142680645;0.0257742740213871;0.9427664875984192;0.503083348274231;1.03849995136261;0.059583332389593124;0;0;-0.14531871676445007;False;[True, True, True];-0.9805550575256348;0.18603934347629547
580.521;36.29199981689453;False;[8190, 8190, 8190, 8190, 8190, 8190, 8190, 8190, 419, 8190, 8190, 8190, 8190, 8190, 8190, 8190, 8190, 8190];2.3145039081573486;0.43358778953552246;-0.29923659563064575;0.03273925930261612;0.01143798790872097;0.992541491985321;0.495416671037674;1.0364166498184204;0.059583332389593124;0;0;-0.18983012437820435;False;[True, True, True];-0.9805550575256348;0.18603934347629547
580.59;36.29199981689453;False;[8190, 8190, 8190, 8190, 8190, 8190, 8190, 8190, 383, 8190, 8190, 8190, 8190, 8190, 8190, 8190, 8190, 8190];0.4198473393917084;0.038167938590049744;-0.152671754360199;0.013916015625;0.02520751953125;0.55096435546875;0.495416671037674;1.0364166498184204;0.059583332389593124;0;0;-0.0902516394853592;False;[True, True, True];-0.9805550575256348;0.18603934347629547
580.665;36.29199981689453;False;[8190, 8190, 8190, 8190, 8190, 8190, 8190, 8190, 397, 8190, 8190, 8190, 8190, 8190, 8190, 8190, 8190, 8190];-2.8778624534606934;-0.7022900581359863;-0.030534353107213974;0.023681640625;0.027374267578125;0.826019287109375;0.495416671037674;1.0364166498184204;0.059583332389593124;0;0;-0.14315396547317505;False;[True, True, True];-0.9805550575256348;0.18603934347629547
580.734;36.29199981689453;False;[8190, 8190, 8190, 8190, 8190, 8190, 8190, 8190, 427, 8190, 8190, 8190, 8190, 8190, 8190, 8190, 8190, 8190];-0.28498730063438416;-0.11959286779165268;-0.18320609629154205;0.030517578125;0.00616455078125;0.91973876953125;0.50641667842865;1.0401666164398193;0.05183333158493042;0;0;-0.2520260512828827;False;[True, True, True];-0.9805550575256348;0.18603934347629547
580.809;36.29199981689453;False;[8190, 8190, 8190, 8190, 8190, 8190, 8190, 8190, 8191, 8190, 8190, 8190, 8190, 8190, 8190, 8190, 8190, 8190];2.30343508720398;0.45610690116882324;-0.3377862572669983;0.025848388671875;0.0300445556640625;0.9657135009765625;0.50641667842865;1.0401666164398193;0.05183333158493042;0;0;-0.17749647796154022;False;[True, True, True];-0.9805550575256348;0.18603934347629547
580.894;36.29199981689453;False;[8190, 8190, 8190, 8190, 8190, 8190, 8190, 8190, 362, 8190, 8190, 8190, 8190, 8190, 8190, 8190, 8190, 8190];-1.1679389476776123;-0.3358778655529022;-0.0763358771800995;0.01513671875;0.01873779296875;0.55133056640625;0.5026666522026062;1.0422500371932983;0.057500001043081284;0;0;-0.15684013068675995;False;[True, True, True];-0.9805550575256348;0.18603934347629547
580.971;36.29199981689453;False;[8190, 8190, 8190, 8190, 8190, 8190, 8190, 8190, 400, 8190, 8190, 8190, 8190, 8190, 8190, 8190, 8190, 8190];-0.8427481651306152;-0.21679389476776123;-0.14656488597393036;0.02949218824505806;0.01083984412252903;0.880468726158142;0.496666669845581;1.0418332815170288;0.05874999985098839;0;0;-0.2627263069152832;False;[True, True, True];-0.9805550575256348;0.18603934347629547
581.048;36.29199981689453;False;[8190, 8190, 8190, 8190, 8190, 8190, 8190, 8190, 378, 8190, 8190, 8190, 8190, 8190, 8190, 8190, 8190, 8190];1.666303038597107;0.3293347954750061;-0.2464558184146881;0.02936662919819355;0.0267159603536129;0.9433245062828064;0.4987500011920929;1.0414166450500488;0.0625;0;0;-0.22963495552539825;False;[True, True, True];-0.9805550575256348;0.18603934347629547
581.122;36.29199981689453;False;[8190, 8190, 8190, 8190, 8190, 8190, 8190, 8190, 407, 8190, 8190, 8190, 8190, 8190, 8190, 8190, 8190, 8190];-0.06446142494678497;-0.1543681025505066;-0.2120441198348999;0.02644856832921505;0.0353732630610466;0.9758843183517456;0.5018333196640015;1.03808331489563;0.05416666716337204;0;0;-0.205891951918602;False;[True, True, True];-0.9805550575256348;0.18603934347629547
581.199;36.29199981689453;False;[8190, 8190, 8190, 8190, 8190, 8190, 8190, 8190, 410, 8190, 8190, 8190, 8190, 8190, 8190, 8190, 8190, 8190];-0.8702290058135986;-0.25954198837280273;-0.10178116708993912;0.02189127542078495;0.013509114272892475;0.7351887822151184;0.5018333196640015;1.03808331489563;0.05416666716337204;0;0;-0.28225240111351013;False;[True, True, True];-0.9805550575256348;0.18603934347629547
581.269;36.29199981689453;False;[8190, 8190, 8190, 8190, 8190, 8190, 8190, 8190, 429, 8190, 8190, 8190, 8190, 8190, 8190, 8190, 8190, 8190];1.1083968877792358;0.11603053659200668;-0.23511452972888947;0.02524414099752903;0.02177734300494194;0.880664050579071;0.49958333373069763;1.0433332920074463;0.0545833334326744;0;0;-0.29119473695755;False;[True, True, True];-0.9805550575256348;0.18603934347629547
581.338;36.29199981689453;False;[8190, 8190, 8190, 8190, 8190, 8190, 8190, 8190, 416, 8190, 8190, 8190, 8190, 8190, 8190, 8190, 8190, 8190];0.35114502906799316;0.06361322849988937;-0.241730272769928;0.02486165426671505;0.03289794921875;0.9189249873161316;0.5;1.0418332815170288;0.06041666492819786;0;0;-0.2526184916496277;False;[True, True, True];-0.9805550575256348;0.18603934347629547
581.403;36.29199981689453;False;[8190, 8190, 8190, 8190, 8190, 8190, 8190, 8190, 411, 8190, 8190, 8190, 8190, 8190, 8190, 8190, 8190, 8190];-1.079607367515564;-0.3794983923435211;-0.161395862698555;0.0277273990213871;0.02800641767680645;0.9432896375656128;0.5;1.0418332815170288;0.06041666492819786;0;0;-0.27704721689224243;False;[True, True, True];-0.9805550575256348;0.18603934347629547
581.474;36.29199981689453;False;[8190, 8190, 8190, 8190, 8190, 8190, 8190, 8190, 398, 8190, 8190, 8190, 8190, 8190, 8190, 8190, 8190, 8190];-0.1622137427330017;-0.14122137427330017;-0.22519083321094513;0.02880859375;0.0192108154296875;0.9646148681640625;0.5;1.0418332815170288;0.06041666492819786;0;0;-0.312106728553772;False;[True, True, True];-0.9805550575256348;0.18603934347629547
581.549;36.29199981689453;False;[8190, 8190, 8190, 8190, 8190, 8190, 8190, 8190, 412, 8190, 8190, 8190, 8190, 8190, 8190, 8190, 8190, 8190];0.25954198837280273;0.015267175622284412;-0.1450381726026535;0.0155029296875;0.01763916015625;0.55108642578125;0.503083348274231;1.0422500371932983;0.0533333346247673;0;0;-0.2794245183467865;False;[True, True, True];-0.9805550575256348;0.18603934347629547
581.621;36.29199981689453;False;[8190, 8190, 8190, 8190, 8190, 8190, 8190, 8190, 395, 8190, 8190, 8190, 8190, 8190, 8190, 8190, 8190, 8190];-0.5394402146339417;-0.22900764644145966;-0.132315531373024;0.02058919332921505;0.02083333395421505;0.7369791865348816;0.49291667342185974;1.0360000133514404;0.052916668355464935;0;0;-0.279646247625351;False;[True, True, True];-0.9805550575256348;0.18603934347629547
581.694;36.29199981689453;False;[8190, 8190, 8190, 8190, 8190, 8190, 8190, 8190, 386, 8190, 8190, 8190, 8190, 8190, 8190, 8190, 8190, 8190];-0.18320611119270325;-0.13435114920139313;-0.19236640632152557;0.02675781212747097;0.02070312574505806;0.881787121295929;0.49291667342185974;1.0360000133514404;0.052916668355464935;0;0;-0.3062850832939148;False;[True, True, True];-0.9805550575256348;0.18603934347629547
581.763;36.29199981689453;False;[8190, 8190, 8190, 8190, 8190, 8190, 8190, 8190, 412, 8190, 8190, 8190, 8190, 8190, 8190, 8190, 8190, 8190];0.41475823521614075;0.040712468326091766;-0.22900761663913727;0.0274658203125;0.02524820901453495;0.9194132685661316;0.4970833361148834;1.0414166450500488;0.05249999836087227;0;0;-0.2999260127544403;False;[True, True, True];-0.9805550575256348;0.18603934347629547
581.833;36.29199981689453;False;[8190, 8190, 8190, 8190, 8190, 8190, 8190, 8190, 382, 8190, 8190, 8190, 8190, 8190, 8190, 8190, 8190, 8190];-0.1278626024723053;-0.12022901326417923;-0.21946565806865692;0.027252197265625;0.0292205810546875;0.9645843505859375;0.49916666746139526;1.0397499799728394;0.057500001043081284;0;0;-0.296810120344162;False;[True, True, True];-0.9805550575256348;0.18603934347629547
581.898;36.29199981689453;False;[8190, 8190, 8190, 8190, 8190, 8190, 8190, 8190, 413, 8190, 8190, 8190, 8190, 8190, 8190, 8190, 8190, 8190];-0.4223918318748474;-0.22052587568759918;-0.19677692651748657;0.0291883684694767;0.02449544332921505;0.9819607138633728;0.49916666746139526;1.0397499799728394;0.057500001043081284;0;0;-0.3164629638195038;False;[True, True, True];-0.9805550575256348;0.18603934347629547
581.975;36.29199981689453;False;[8190, 8190, 8190, 8190, 8190, 8190, 8190, 8190, 417, 8190, 8190, 8190, 8190, 8190, 8190, 8190, 8190, 8190];0.19083969295024872;0;-0.1450381726026535;0.01708984375;0.01519775390625;0.55108642578125;0.49791666865348816;1.03849995136261;0.05791666731238365;0;0;-0.3211404085159302;False;[True, True, True];-0.9805550575256348;0.18603934347629547
582.042;36.29199981689453;False;[8190, 8190, 8190, 8190, 8190, 8190, 8190, 8190, 396, 8190, 8190, 8190, 8190, 8190, 8190, 8190, 8190, 8190];0.02544529177248478;-0.11704834550619125;-0.178117036819458;0.02140299417078495;0.02164713479578495;0.7333170771598816;0.5008333325386047;1.0433332920074463;0.054999999701976776;0;0;-0.313700646162033;False;[True, True, True];-0.9805550575256348;0.18603934347629547
582.121;36.29199981689453;False;[8190, 8190, 8190, 8190, 8190, 8190, 8190, 8190, 404, 8190, 8190, 8190, 8190, 8190, 8190, 8190, 8190, 8190];-0.23155216872692108;-0.18320609629154205;-0.17302799224853516;0.02815755270421505;0.02447509765625;0.9153035283088684;0.4945833384990692;1.035166621208191;0.0545833334326744;0;0;-0.3238074779510498;False;[True, True, True];-0.9805550575256348;0.18603934347629547
582.189;36.29199981689453;False;[8190, 8190, 8190, 8190, 8190, 8190, 8190, 8190, 405, 8190, 8190, 8190, 8190, 8190, 8190, 8190, 8190, 8190];0.017448199912905693;-0.1177753433585167;-0.1657579094171524;0.0287039615213871;0.02469308115541935;0.9462193250656128;0.4945833384990692;1.035166621208191;0.0545833334326744;0;0;-0.33042967319488525;False;[True, True, True];-0.9805550575256348;0.18603934347629547
582.263;36.29199981689453;False;[8190, 8190, 8190, 8190, 8190, 8190, 8190, 8190, 397, 8190, 8190, 8190, 8190, 8190, 8190, 8190, 8190, 8190];0.1000848188996315;-0.07463952898979187;-0.1662425696849823;0.0288357213139534;0.02753363735973835;0.9809027910232544;0.4962500035762787;1.0462499856948853;0.055416665971279144;0;0;-0.32666435837745667;False;[True, True, True];-0.9805550575256348;0.18603934347629547
582.368;36.29199981689453;False;[8190, 8190, 8190, 8190, 8190, 8190, 8190, 8190, 412, 8190, 8190, 8190, 8190, 8190, 8190, 8190, 8190, 8190];0.5954198241233826;0.14830970764160156;-0.22028353810310364;0.0303780697286129;0.01921735517680645;0.9454171061515808;0.4962500035762787;1.0462499856948853;0.055416665971279144;0;0;-0.3244290351867676;False;[True, True, True];-0.9805550575256348;0.18603934347629547
582.434;36.29199981689453;False;[8190, 8190, 8190, 8190, 8190, 8190, 8190, 8190, 398, 8190, 8190, 8190, 8190, 8190, 8190, 8190, 8190, 8190];1.4122138023376465;0.23664122819900513;-0.25381678342819214;0.02569580078125;0.0285186767578125;0.9647674560546875;0.4962500035762787;1.0462499856948853;0.055416665971279144;0;0;-0.27218422293663025;False;[True, True, True];-0.9805550575256348;0.18603934347629547
582.507;36.29199981689453;False;[8190, 8190, 8190, 8190, 8190, 8190, 8190, 8190, 383, 8190, 8190, 8190, 8190, 8190, 8190, 8190, 8190, 8190];-1.0366413593292236;-0.393893152475357;-0.12824426591396332;0.02731933631002903;0.04200439527630806;0.991906762123108;0.5018333196640015;1.0389167070388794;0.06208333373069763;0;0;-0.26944857835769653;False;[True, True, True];-0.9805550575256348;0.18603934347629547
582.576;36.29199981689453;False;[8190, 8190, 8190, 8190, 8190, 8190, 8190, 8190, 403, 8190, 8190, 8190, 8190, 8190, 8190, 8190, 8190, 8190];-0.5496183037757874;-0.1679389327764511;-0.09160305559635162;0.017822265625;0.00433349609375;0.55047607421875;0.5018333196640015;1.0389167070388794;0.06208333373069763;0;0;-0.39979690313339233;False;[True, True, True];-0.9805550575256348;0.18603934347629547
582.643;36.29199981689453;False;[8190, 8190, 8190, 8190, 8190, 8190, 8190, 8190, 407, 8190, 8190, 8190, 8190, 8190, 8190, 8190, 8190, 8190];1.6335878372192383;0.27989819645881653;-0.23918575048446655;0.02400716207921505;0.02197265625;0.7357584834098816;0.49791666865348816;1.0483332872390747;0.05833333358168602;0;0;-0.3608381450176239;False;[True, True, True];-0.9805550575256348;0.18603934347629547
582.714;36.29199981689453;False;[8190, 8190, 8190, 8190, 8190, 8190, 8190, 8190, 409, 8190, 8190, 8190, 8190, 8190, 8190, 8190, 8190, 8190];-0.10076335817575455;-0.137404590845108;-0.21374043822288513;0.02153320237994194;0.033203125;0.880957007408142;0.4983333349227905;1.0389167070388794;0.05375000089406967;0;0;-0.3108082115650177;False;[True, True, True];-0.9805550575256348;0.18603934347629547
582.788;36.29199981689453;False;[8190, 8190, 8190, 8190, 8190, 8190, 8190, 8190, 377, 8190, 8190, 8190, 8190, 8190, 8190, 8190, 8190, 8190];-1.8865865468978882;-0.4907306730747223;-0.09814612567424774;0.02849469892680645;0.0234375;0.9484165906906128;0.5008333325386047;1.0410000085830688;0.054999999701976776;0;0;-0.3610241711139679;False;[True, True, True];-0.9805550575256348;0.18603934347629547
582.857;36.29199981689453;False;[8190, 8190, 8190, 8190, 8190, 8190, 8190, 8190, 398, 8190, 8190, 8190, 8190, 8190, 8190, 8190, 8190, 8190];0.4007633924484253;-0.011450381949543953;-0.21183206140995026;0.02978515625;0.0176239013671875;0.9662322998046875;0.5008333325386047;1.0410000085830688;0.054999999701976776;0;0;-0.3780323565006256;False;[True, True, True];-0.9805550575256348;0.18603934347629547
582.933;36.29199981689453;False;[8190, 8190, 8190, 8190, 8190, 8190, 8190, 8190, 420, 8190, 8190, 8190, 8190, 8190, 8190, 8190, 8190, 8190];-0.11450381577014923;-0.0687022879719734;-0.10687022656202316;0.0150146484375;0.01849365234375;0.54888916015625;0.5008333325386047;1.0410000085830688;0.054999999701976776;0;0;-0.3379109799861908;False;[True, True, True];-0.9805550575256348;0.18603934347629547
583.014;36.29199981689453;False;[8190, 8190, 8190, 8190, 8190, 8190, 8190, 8190, 435, 8190, 8190, 8190, 8190, 8190, 8190, 8190, 8190, 8190];-0.458015263080597;-0.0885496214032173;-0.21679389476776123;0.02631836012005806;0.02011718787252903;0.883251965045929;0.496666669845581;1.0393333435058594;0.04600000008940697;0;0;-0.36540278792381287;False;[True, True, True];-0.9805550575256348;0.18603934347629547
583.083;36.29199981689453;False;[8190, 8190, 8190, 8190, 8190, 8190, 8190, 8190, 8191, 8190, 8190, 8190, 8190, 8190, 8190, 8190, 8190, 8190];1.4936386346817017;0.241730272769928;-0.26208651065826416;0.02787272073328495;0.01918538473546505;0.9210001826286316;0.496666669845581;1.0393333435058594;0.04600000008940697;0;0;-0.3459714353084564;False;[True, True, True];-0.9805550575256348;0.18603934347629547
583.15;36.29199981689453;False;[8190, 8190, 8190, 8190, 8190, 8190, 8190, 8190, 8191, 8190, 8190, 8190, 8190, 8190, 8190, 8190, 8190, 8190];1.5648854970932007;0.2614503800868988;-0.29389309883117676;0.023406982421875;0.0353546142578125;0.9661712646484375;0.49416667222976685;1.03766667842865;0.05225000157952309;0;0;-0.265140026807785;False;[True, True, True];-0.9805550575256348;0.18603934347629547
583.222;36.29199981689453;False;[8190, 8190, 8190, 8190, 8190, 8190, 8190, 8190, 407, 8190, 8190, 8190, 8190, 8190, 8190, 8190, 8190, 8190];-0.8227311372756958;-0.29346904158592224;-0.18490247428417206;0.0239529088139534;0.0358344167470932;0.9768880009651184;0.49416667222976685;1.03766667842865;0.05225000157952309;0;0;-0.26943206787109375;False;[True, True, True];-0.9805550575256348;0.18603934347629547
583.288;36.29199981689453;False;[8190, 8190, 8190, 8190, 8190, 8190, 8190, 8190, 371, 8190, 8190, 8190, 8190, 8190, 8190, 8190, 8190, 8190];-1.7190840244293213;-0.5297709703445435;-0.10076335817575455;0.02973632887005806;0.02716064453125;0.990979015827179;0.49416667222976685;1.03766667842865;0.05225000157952309;0;0;-0.343433290719986;False;[True, True, True];-0.9805550575256348;0.18603934347629547
583.368;36.29199981689453;False;[8190, 8190, 8190, 8190, 8190, 8190, 8190, 8190, 388, 8190, 8190, 8190, 8190, 8190, 8190, 8190, 8190, 8190];-1.393129825592041;-0.43893128633499146;-0.06106870248913765;0.02685546875;0.019927978515625;0.827728271484375;0.49416667222976685;1.03766667842865;0.05225000157952309;0;0;-0.419641226530075;False;[True, True, True];-0.9805550575256348;0.18603934347629547
583.435;36.29199981689453;False;[8190, 8190, 8190, 8190, 8190, 8190, 8190, 8190, 393, 8190, 8190, 8190, 8190, 8190, 8190, 8190, 8190, 8190];-0.137404590845108;-0.1221374049782753;-0.137404590845108;0.02592773362994194;0.02314453199505806;0.879736304283142;0.5026666522026062;1.0410000085830688;0.055416665971279144;0;0;-0.4605810344219208;False;[True, True, True];-0.9805550575256348;0.18603934347629547
583.509;36.29199981689453;False;[8190, 8190, 8190, 8190, 8190, 8190, 8190, 8190, 385, 8190, 8190, 8190, 8190, 8190, 8190, 8190, 8190, 8190];-1.6772080659866333;-0.4536531865596771;0.026172300800681114;0.02839006669819355;0.0220772884786129;0.9434639811515808;0.5016666650772095;1.0401666164398193;0.06041666492819786;0;0;-0.503610074520111;False;[True, True, True];-0.9805550575256348;0.18603934347629547
583.577;36.29199981689453;False;[8190, 8190, 8190, 8190, 8190, 8190, 8190, 8190, 398, 8190, 8190, 8190, 8190, 8190, 8190, 8190, 8190, 8190];0.5362595319747925;0.01335877738893032;-0.0706106871366501;0.0302734375;0.0201873779296875;0.9643402099609375;0.5016666650772095;1.0401666164398193;0.06041666492819786;0;0;-0.5075045228004456;False;[True, True, True];-0.9805550575256348;0.18603934347629547
583.647;36.29199981689453;False;[8190, 8190, 8190, 8190, 8190, 8190, 8190, 8190, 412, 8190, 8190, 8190, 8190, 8190, 8190, 8190, 8190, 8190];0.6547922492027283;-0.03562340512871742;0.0797285884618759;0.0282931849360466;0.0222439244389534;0.9792209267616272;0.5022500157356262;1.0418332815170288;0.055416665971279144;0;0;-0.4847165644168854;False;[True, True, True];-0.9805550575256348;0.18603934347629547
583.718;36.29199981689453;False;[8190, 8190, 8190, 8190, 8190, 8190, 8190, 8190, 400, 8190, 8190, 8190, 8190, 8190, 8190, 8190, 8190, 8190];-0.25954198837280273;-0.20610687136650085;8.4503812789917;-0.0035400390625;0.01361083984375;0.55145263671875;0.5018333196640015;1.03808331489563;0.0545833334326744;0;0;-0.465348094701767;False;[True, True, True];-0.9805550575256348;0.18603934347629547
583.783;36.29199981689453;False;[8190, 8190, 8190, 8190, 8190, 8190, 8190, 8190, 8191, 8190, 8190, 8190, 8190, 8190, 8190, 8190, 8190, 8190];1.1552163362503052;-0.656488597393036;43.13486099243164;0.012776692397892475;-0.00016276042151730508;0.73828125;0.5018333196640015;1.03808331489563;0.0545833334326744;0;0;-0.0192408449947834;False;[True, True, True];-0.9805550575256348;0.18603934347629547
583.855;36.29199981689453;False;[8190, 8190, 8190, 8190, 8190, 8190, 8190, 8190, 8190, 8191, 8190, 8190, 8190, 8190, 8190, 8190, 8190, 8190];4.793893337249756;0.04961831867694855;64.83206176757812;0.0272216796875;0.013214111328125;0.826446533203125;0.5018333196640015;1.03808331489563;0.0545833334326744;0;0;0.11705771088600159;False;[True, True, True];-0.9805550575256348;0.18603934347629547
583.926;36.29199981689453;False;[8190, 8190, 8190, 8190, 8190, 8190, 8190, 8190, 8191, 8190, 8190, 8190, 8190, 8190, 8190, 8190, 8190, 8190];4.750635623931885;-0.251908391714096;75.1119613647461;0.01729329489171505;0.02268473245203495;0.9204304814338684;0.4937500059604645;1.0458333492279053;0.05874999985098839;0;0;0.009638109244406223;False;[True, True, True];-0.9805550575256348;0.18603934347629547
583.998;36.29199981689453;False;[8190, 8190, 8190, 8190, 8190, 8190, 8190, 8190, 8190, 8190, 308, 8190, 8190, 8190, 8190, 8190, 8190, 8190];5.599236488342285;-0.23473280668258667;92.3874053955078;0.026031494140625;0.0162811279296875;0.9664459228515625;0.4937500059604645;1.0458333492279053;0.05874999985098839;0;0;-0.2470855563879013;False;[True, False, True];-0.9805550575256348;0.18603934347629547
584.069;36.29199981689453;False;[8190, 8190, 8190, 8190, 8190, 8190, 8190, 8190, 293, 8190, 8190, 8190, 8190, 8190, 8190, 8190, 8190, 8190];7.077862739562988;-0.3526717722415924;114.7145004272461;0.02534179762005806;0.00714111328125;0.996691882610321;0.4937500059604645;1.0458333492279053;0.05874999985098839;0;0;0.4897001385688782;False;[True, False, True];-0.9805550575256348;0.18603934347629547
584.138;36.29199981689453;False;[8190, 8190, 8190, 8190, 8190, 8190, 8190, 8190, 306, 8190, 8190, 8190, 8190, 8190, 8190, 8190, 8190, 8190];5.267175674438477;0.221374049782753;70.22137451171875;0.0169677734375;0.00897216796875;0.55279541015625;0.505583345890045;1.0433332920074463;0.05583333224058151;0;0;-0.014911885373294353;False;[True, False, True];-0.9805550575256348;0.18603934347629547
584.207;36.29199981689453;False;[8190, 8190, 8190, 8190, 8190, 8190, 8190, 8190, 8190, 333, 8190, 8190, 8190, 8190, 8190, 8190, 8190, 8190];7.080152988433838;0.2862595319747925;100.27099609375;0.0294189453125;0.013153076171875;0.825531005859375;0.4987500011920929;1.0449999570846558;0.05249999836087227;0;0;-0.46315646171569824;False;[True, False, True];-0.9805550575256348;0.18603934347629547
584.275;36.29199981689453;False;[8190, 8190, 8190, 8190, 8190, 8190, 8190, 8190, 8190, 8190, 383, 8190, 8190, 8190, 8190, 8190, 8190, 8190];7.682443141937256;0.2473282366991043;96.40916442871094;0.03369140625;0.015625;0.882763683795929;0.4987500011920929;1.0449999570846558;0.05249999836087227;0;0;-0.20468494296073914;False;[True, False, True];-0.9805550575256348;0.18603934347629547
584.346;36.29199981689453;False;[8190, 8190, 8190, 8190, 8190, 8190, 8190, 8190, 397, 8190, 8190, 8190, 8190, 8190, 8190, 8190, 8190, 8190];8.010905265808105;0.536532163619995;95.2104721069336;0.0334123894572258;0.0208914615213871;0.9461146593093872;0.4987500011920929;1.0449999570846558;0.05249999836087227;0;0;0.4923950135707855;False;[True, False, True];-0.9805550575256348;0.18603934347629547
584.414;36.29199981689453;False;[8190, 8190, 8190, 8190, 8190, 8190, 8190, 8190, 375, 8190, 8190, 8190, 8190, 8190, 8190, 8190, 8190, 8190];9.270992279052734;1.288167953491211;90.37213134765625;0.02996826171875;0.0238800048828125;0.9665069580078125;0.495416671037674;1.0422500371932983;0.061666667461395264;0;0;-0.30915993452072144;False;[True, False, True];-0.9805550575256348;0.18603934347629547
584.48;36.29199981689453;False;[8190, 8190, 8190, 8190, 8190, 8190, 8190, 8190, 8190, 8190, 277, 8190, 8190, 8190, 8190, 8190, 8190, 8190];9.58100128173828;1.508057713508606;94.5801544189453;0.0303819440305233;0.02433268167078495;0.9823947548866272;0.49916666746139526;1.0437500476837158;0.05791666731238365;0;0;0.000858953280840069;False;[True, False, True];-0.9805550575256348;0.18603934347629547
584.547;36.29199981689453;False;[8190, 8190, 8190, 8190, 8190, 8190, 8190, 8190, 136, 8190, 8190, 8190, 8190, 8190, 8190, 8190, 8190, 8190];13.395419120788574;3.141984462738037;91.09617614746094;0.03520507737994194;0.03228759765625;0.995031714439392;0.49916666746139526;1.0437500476837158;0.05791666731238365;0;0;0.27941206097602844;False;[True, False, True];-0.9805550575256348;0.18603934347629547
584.617;36.29199981689453;False;[8190, 8190, 8190, 8190, 8190, 8190, 8190, 8190, 8190, 8190, 131, 8190, 8190, 8190, 8190, 8190, 8190, 8190];10.483460426330566;2.9160306453704834;62.020355224609375;0.014322916977107525;0.0472819022834301;0.73583984375;0.50641667842865;1.0418332815170288;0.05624999850988388;0;0;-0.3684517741203308;False;[True, False, True];-0.9805550575256348;0.18603934347629547
584.685;36.29199981689453;False;[8190, 8190, 8190, 8190, 8190, 8190, 8190, 8190, 8190, 122, 8190, 8190, 8190, 8190, 8190, 8190, 8190, 8190];3.175572395324707;1.3511450290679932;68.4351119995117;0.01910400390625;0.059295654296875;0.826568603515625;0.4983333349227905;1.0389167070388794;0.06208333373069763;0;0;0.4183483123779297;False;[True, False, True];-0.9805550575256348;0.18603934347629547
584.751;36.29199981689453;False;[8190, 8190, 8190, 8190, 8190, 8190, 8190, 8190, 105, 8190, 8190, 8190, 8190, 8190, 8190, 8190, 8190, 8190];3.2595419883728027;1.3587785959243774;63.42366027832031;0.0185546875;0.045989990234375;0.826568603515625;0.4983333349227905;1.0389167070388794;0.06208333373069763;0;0;-0.3744674324989319;False;[True, False, True];-0.9805550575256348;0.18603934347629547
584.83;36.29199981689453;False;[8190, 8190, 8190, 8190, 8190, 8190, 8190, 8190, 8190, 8190, 77, 8190, 8190, 8190, 8190, 8190, 8190, 8190];3.4045803546905518;1.2998908758163452;74.90948486328125;0.013776506297290325;0.0590471550822258;0.9422432780265808;0.5072500109672546;1.0445833206176758;0.05375000089406967;0;0;0.295708179473877;False;[True, False, True];-0.9805550575256348;0.18603934347629547
584.901;36.29199981689453;False;[8190, 8190, 8190, 8190, 8190, 8190, 8190, 8190, 63, 8190, 8190, 8190, 8190, 8190, 8190, 8190, 8190, 8190];1.4113655090332031;0.517387628555298;78.36641693115234;0.0169542096555233;0.0588921457529068;0.9779459834098816;0.508916676044464;1.03849995136261;0.0625;0;0;-0.2839718163013458;False;[True, False, True];-0.9805550575256348;0.18603934347629547
584.97;36.29199981689453;False;[8190, 8190, 8190, 8190, 8190, 8190, 8190, 8190, 8190, 8190, 62, 8190, 8190, 8190, 8190, 8190, 8190, 8190];1.6931297779083252;0.621374011039734;75.1541976928711;0.02236328087747097;0.05233154445886612;0.997058093547821;0.508916676044464;1.03849995136261;0.0625;0;0;0.21621520817279816;False;[True, False, True];-0.9805550575256348;0.18603934347629547
585.037;36.29199981689453;False;[8190, 8190, 8190, 8190, 8190, 8190, 8190, 8190, 72, 8190, 8190, 8190, 8190, 8190, 8190, 8190, 8190, 8190];-0.458015263080597;-0.221374049782753;47.28244400024414;0.0091552734375;0.02020263671875;0.55157470703125;0.5;1.0433332920074463;0.0625;0;0;-0.13994494080543518;False;[True, False, True];-0.9805550575256348;0.18603934347629547
585.102;36.29199981689453;False;[8190, 8190, 8190, 8190, 8190, 8190, 8190, 8190, 8190, 115, 8190, 8190, 8190, 8190, 8190, 8190, 8190, 8190];2.98218822479248;0.5445292592048645;67.45037841796875;0.011800129897892475;0.013671875;0.7371419072151184;0.4945833384990692;1.0393333435058594;0.054999999701976776;0;0;-0.095305934548378;False;[True, False, True];-0.9805550575256348;0.18603934347629547
585.177;36.29199981689453;False;[8190, 8190, 8190, 8190, 8190, 8190, 8190, 8190, 245, 8190, 8190, 8190, 8190, 8190, 8190, 8190, 8190, 8190];6.0580153465271;1.2732824087142944;98.0793914794922;0.0017578124534338713;0.022216796875;0.883837878704071;0.4970833361148834;1.03849995136261;0.0625;0;0;0.3490346670150757;False;[True, False, True];-0.9805550575256348;0.18603934347629547
585.245;36.29199981689453;False;[8190, 8190, 8190, 8190, 8190, 8190, 8190, 8190, 313, 8190, 8190, 8190, 8190, 8190, 8190, 8190, 8190, 8190];9.758270263671875;2.54452919960022;108.73535919189453;0.0194091796875;0.0318400077521801;0.9214884638786316;0.4970833361148834;1.03849995136261;0.0625;0;0;0.2971171736717224;False;[True, False, True];-0.9805550575256348;0.18603934347629547
585.313;36.29199981689453;False;[8190, 8190, 8190, 8190, 8190, 8190, 8190, 8190, 345, 8190, 8190, 8190, 8190, 8190, 8190, 8190, 8190, 8190];9;2.715648889541626;107.9312973022461;0.02850341796875;0.0531463623046875;0.9622344970703125;0.492083340883255;1.03849995136261;0.05833333358168602;0;0;-0.2546679973602295;False;[True, False, True];-0.9805550575256348;0.18603934347629547
585.379;36.29199981689453;False;[8190, 8190, 8190, 8190, 8190, 8190, 8190, 8190, 8190, 8190, 368, 8190, 8190, 8190, 8190, 8190, 8190, 8190];8.267175674438477;2.893129825592041;92.22137451171875;0.049224853515625;0.0533905029296875;0.9633026123046875;0.5004166960716248;1.0441666841506958;0.057500001043081284;0;0;-0.023681847378611565;False;[True, False, True];-0.9805550575256348;0.18603934347629547
585.45;36.29199981689453;False;[8190, 8190, 8190, 8190, 8190, 8190, 8190, 8190, 8190, 358, 8190, 8190, 8190, 8190, 8190, 8190, 8190, 8190];8.48702335357666;2.441221237182617;77.656494140625;0.01162109337747097;0.07147216796875;0.99041748046875;0.5004166960716248;1.0441666841506958;0.057500001043081284;0;0;0.268279641866684;False;[True, False, True];-0.9805550575256348;0.18603934347629547
585.518;36.29199981689453;False;[8190, 8190, 8190, 8190, 8190, 8190, 8190, 8190, 8190, 340, 8190, 8190, 8190, 8190, 8190, 8190, 8190, 8190];1.6793893575668335;0.3129771053791046;24.41984748840332;0.0421142578125;0.03741455078125;0.55023193359375;0.492083340883255;1.0401666164398193;0.0626666694879532;0;0;-0.18725427985191345;False;[True, False, True];-0.9805550575256348;0.18603934347629547
585.584;36.29199981689453;False;[8190, 8190, 8190, 8190, 8190, 8190, 8190, 8190, 323, 8190, 8190, 8190, 8190, 8190, 8190, 8190, 8190, 8190];-1.6284986734390259;-0.33078882098197937;4.6259541511535645;0.02067057229578495;0.0807291641831398;0.7296549677848816;0.49958333373069763;1.0437500476837158;0.05375000089406967;0;0;-0.2892678380012512;False;[True, False, True];-0.9805550575256348;0.18603934347629547
585.65;36.29199981689453;False;[8190, 8190, 8190, 8190, 8190, 8190, 8190, 8190, 312, 8190, 8190, 8190, 8190, 8190, 8190, 8190, 8190, 8190];-10.554707527160645;-2.8447837829589844;0.992366373538971;0.0068359375;0.071624755859375;0.824615478515625;0.49958333373069763;1.0437500476837158;0.05375000089406967;0;0;-0.59451162815094;False;[True, True, True];-0.9805550575256348;0.18603934347629547
585.721;36.29199981689453;False;[8190, 8190, 8190, 8190, 8190, 8190, 8190, 8190, 8190, 8190, 334, 8190, 8190, 8190, 8190, 8190, 8190, 8190];-19.1328239440918;-4.5190839767456055;0.8427480459213257;0.03300781175494194;0.01787109300494194;0.883398413658142;0.4987500011920929;1.0422500371932983;0.0599999986588955;0;0;-1.3761793375015259;False;[True, True, True];-0.9805550575256348;0.18603934347629547
585.794;36.29199981689453;False;[8190, 8190, 8190, 8190, 8190, 8190, 8190, 8190, 315, 8190, 8190, 8190, 8190, 8190, 8190, 8190, 8190, 8190];4.67175579071045;0.665212631225586;-0.42093783617019653;0.0423758365213871;-0.066650390625;0.9532645344734192;0.5043333172798157;1.0454167127609253;0.05666666850447655;0;0;-1.7251598834991455;False;[True, True, True];-0.9805550575256348;0.18603934347629547
585.868;36.29199981689453;False;[8190, 8190, 8190, 8190, 8190, 8190, 8190, 8190, 8190, 8190, 320, 8190, 8190, 8190, 8190, 8190, 8190, 8190];14.123833656311035;3.2892279624938965;-0.9431722164154053;0.02105034701526165;0.0470648854970932;0.9784885048866272;0.4933333396911621;1.0410000085830688;0.05833333358168602;0;0;-1.01883590221405;False;[True, True, True];-0.9805550575256348;0.18603934347629547
585.935;36.29199981689453;False;[8190, 8190, 8190, 8190, 8190, 8190, 8190, 8190, 8190, 8190, 8190, 335, 8190, 8190, 8190, 8190, 8190, 8190];5.793892860412598;1.2763359546661377;-0.5129770040512085;0.008862304501235485;0.08135986328125;0.993615746498108;0.4933333396911621;1.0410000085830688;0.05833333358168602;0;0;-0.6740312576293945;False;[True, True, True];-0.9805550575256348;0.18603934347629547
586.002;36.29199981689453;False;[8190, 8190, 8190, 8190, 8190, 8190, 8190, 8190, 8190, 8190, 8190, 322, 8190, 8190, 8190, 8190, 8190, 8190];-5.786259651184082;-1.534351110458374;0.18320611119270325;0.00927734375;0.03863525390625;0.55072021484375;0.4945833384990692;1.0462499856948853;0.059583332389593124;0;0;-0.8252716660499573;False;[True, True, True];-0.9805550575256348;0.18603934347629547
586.073;36.29199981689453;False;[8190, 8190, 8190, 8190, 8190, 8190, 8190, 8190, 8190, 289, 8190, 8190, 8190, 8190, 8190, 8190, 8190, 8190];-11.027989387512207;-2.4732825756073;0.3867684304714203;0.02962239645421505;-0.0006510416860692203;0.737548828125;0.4945833384990692;1.0462499856948853;0.059583332389593124;0;0;-1.3976893424987793;False;[True, True, True];-0.9805550575256348;0.18603934347629547
586.141;36.29199981689453;False;[8190, 8190, 8190, 8190, 8190, 8190, 8190, 8190, 8190, 86, 8190, 8190, 8190, 8190, 8190, 8190, 8190, 8190];6.189312934875488;1.1725190877914429;-0.461068719625473;0.03188476711511612;-0.01923828199505806;0.888085961341858;0.4945833384990692;1.0462499856948853;0.059583332389593124;0;0;-1.6304781436920166;False;[True, True, True];-0.9805550575256348;0.18603934347629547
586.213;36.29199981689453;False;[8190, 8190, 8190, 8190, 8190, 8190, 8190, 8190, 8190, 8190, 84, 8190, 8190, 8190, 8190, 8190, 8190, 8190];8.407124519348145;1.9363867044448853;-0.605597972869873;0.01806640625;0.04559326171875;0.9185587763786316;0.4933333396911621;1.0445833206176758;0.05791666731238365;0;0;-1.222994089126587;False;[True, True, True];-0.9805550575256348;0.18603934347629547
586.279;36.29199981689453;False;[8190, 8190, 8190, 8190, 8190, 8190, 8190, 8190, 8190, 8190, 8190, 92, 8190, 8190, 8190, 8190, 8190, 8190];0.1875680685043335;0.0785169005393982;-0.19411121308803558;0.01238141767680645;0.0650460347533226;0.9420340657234192;0.4933333396911621;1.0445833206176758;0.05791666731238365;0;0;-1.0194588899612427;False;[True, True, True];-0.9805550575256348;0.18603934347629547
586.348;36.29199981689453;False;[8190, 8190, 8190, 8190, 8190, 8190, 8190, 8190, 8190, 8190, 90, 8190, 8190, 8190, 8190, 8190, 8190, 8190];-7.6946563720703125;-2.0267176628112793;0.25763359665870667;0.0167236328125;0.0492095947265625;0.9611053466796875;0.4933333396911621;1.0445833206176758;0.05791666731238365;0;0;-1.2231724262237549;False;[True, True, True];-0.9805550575256348;0.18603934347629547
586.415;36.29199981689453;False;[8190, 8190, 8190, 8190, 8190, 8190, 8190, 8190, 8190, 94, 8190, 8190, 8190, 8190, 8190, 8190, 8190, 8190];-7.424936294555664;-1.6658183336257935;0.157760813832283;0.0354275181889534;-0.01592339389026165;0.9850260615348816;0.496666669845581;1.0389167070388794;0.05666666850447655;0;0;-1.6444370746612549;False;[True, True, True];-0.9805550575256348;0.18603934347629547
586.486;36.29199981689453;False;[8190, 8190, 8190, 8190, 8190, 8190, 8190, 8190, 8190, 92, 8190, 8190, 8190, 8190, 8190, 8190, 8190, 8190];3.8320610523223877;0.8549618124961853;-0.3206106722354889;0.014404296875;0.01702880859375;0.55242919921875;0.5008333325386047;1.0414166450500488;0.0664166659116745;0;0;-1.4952986240386963;False;[True, True, True];-0.9805550575256348;0.18603934347629547
586.558;36.29199981689453;False;[8190, 8190, 8190, 8190, 8190, 8190, 8190, 8190, 8190, 8190, 90, 8190, 8190, 8190, 8190, 8190, 8190, 8190];1.694656491279602;0.290076345205307;-0.1984732747077942;0.0126953125;0.043304443359375;0.827056884765625;0.4970833361148834;1.0414166450500488;0.059166666120290756;0;0;-1.2423174381256104;False;[True, True, True];-0.9805550575256348;0.18603934347629547
586.672;36.29199981689453;False;[8190, 8190, 8190, 8190, 8190, 8190, 8190, 8190, 8190, 8190, 91, 8190, 8190, 8190, 8190, 8190, 8190, 8190];-5.244274616241455;-1.2175573110580444;0.0992366373538971;0.01934814453125;0.014434814453125;0.826629638671875;0.4970833361148834;1.0414166450500488;0.059166666120290756;0;0;-1.428318738937378;False;[True, True, True];-0.9805550575256348;0.18603934347629547
586.741;36.29199981689453;False;[8190, 8190, 8190, 8190, 8190, 8190, 8190, 8190, 8190, 95, 8190, 8190, 8190, 8190, 8190, 8190, 8190, 8190];0.677862584590912;0.0396946594119072;-0.2076335847377777;0.02915039099752903;-0.01083984412252903;0.886328101158142;0.4970833361148834;1.0414166450500488;0.059166666120290756;0;0;-1.5911989212036133;False;[True, True, True];-0.9805550575256348;0.18603934347629547
586.817;36.29199981689453;False;[8190, 8190, 8190, 8190, 8190, 8190, 8190, 8190, 8190, 90, 8190, 8190, 8190, 8190, 8190, 8190, 8190, 8190];4.65212631225586;0.9683750867843628;-0.425299882888794;0.02228655107319355;0.02961076982319355;0.9441615343093872;0.4970833361148834;1.0414166450500488;0.059166666120290756;0;0;-1.3843278884887695;False;[True, True, True];-0.9805550575256348;0.18603934347629547
586.888;36.29199981689453;False;[8190, 8190, 8190, 8190, 8190, 8190, 8190, 8190, 8190, 8190, 265, 8190, 8190, 8190, 8190, 8190, 8190, 8190];0.2849872410297394;-0.047497883439064026;-0.2120441049337387;0.0204806849360466;0.0448947474360466;0.9773220419883728;0.4970833361148834;1.0449999570846558;0.0639166682958603;0;0;-1.2987819910049438;False;[True, True, True];-0.9805550575256348;0.18603934347629547
586.958;36.29199981689453;False;[8190, 8190, 8190, 8190, 8190, 8190, 8190, 8190, 8190, 309, 8190, 8190, 8190, 8190, 8190, 8190, 8190, 8190];-4.225954055786133;-1.1312977075576782;0.027480915188789368;0.0230712890625;0.03092041052877903;0.99212646484375;0.5018333196640015;1.0445833206176758;0.06308333575725555;0;0;-1.4408252239227295;False;[True, True, True];-0.9805550575256348;0.18603934347629547
587.035;36.29199981689453;False;[8190, 8190, 8190, 8190, 8190, 8190, 8190, 8190, 8190, 337, 8190, 8190, 8190, 8190, 8190, 8190, 8190, 8190];1.0419847965240479;0.11450381577014923;-0.20229005813598633;0.027099609375;-0.001678466796875;0.828643798828125;0.5018333196640015;1.0445833206176758;0.06308333575725555;0;0;-1.5753740072250366;False;[True, True, True];-0.9805550575256348;0.18603934347629547
587.277;36.29199981689453;False;[8190, 8190, 8190, 8190, 8190, 8190, 8190, 8190, 8190, 324, 8190, 8190, 8190, 8190, 8190, 8190, 8190, 8190];-2.9745547771453857;-0.7302799224853516;-0.02544529177248478;0.0233154296875;0.013448079116642475;0.9222615361213684;0.49791666865348816;1.0393333435058594;0.057083334773778915;0;0;-1.5330722332000732;False;[True, True, True];-0.9805550575256348;0.18603934347629547
587.343;36.29199981689453;False;[8190, 8190, 8190, 8190, 8190, 8190, 8190, 8190, 8190, 351, 8190, 8190, 8190, 8190, 8190, 8190, 8190, 8190];0.9073063731193542;0.11777535825967789;-0.22900764644145966;0.02863420732319355;0.004220145288854837;0.9469866156578064;0.49791666865348816;1.0393333435058594;0.057083334773778915;0;0;-1.579655408859253;False;[True, True, True];-0.9805550575256348;0.18603934347629547
587.419;36.29199981689453;False;[8190, 8190, 8190, 8190, 8190, 8190, 8190, 8190, 8190, 328, 8190, 8190, 8190, 8190, 8190, 8190, 8190, 8190];2.985581398010254;0.6242579221725464;-0.340966910123825;0.0248752161860466;0.02495659701526165;0.9794650673866272;0.4962500035762787;1.0462499856948853;0.05791666731238365;0;0;-1.4266784191131592;False;[True, True, True];-0.9805550575256348;0.18603934347629547
587.487;36.29199981689453;False;[8190, 8190, 8190, 8190, 8190, 8190, 8190, 8190, 8190, 8190, 367, 8190, 8190, 8190, 8190, 8190, 8190, 8190];0.6809160113334656;0.015267176553606987;-0.2076335847377777;0.02236328087747097;0.03385009616613388;0.990856945514679;0.49416667222976685;1.0426666736602783;0.05833333358168602;0;0;-1.3734668493270874;False;[True, True, True];-0.9805550575256348;0.18603934347629547
587.558;36.29199981689453;False;[8190, 8190, 8190, 8190, 8190, 8190, 8190, 8190, 8190, 346, 8190, 8190, 8190, 8190, 8190, 8190, 8190, 8190];-0.814249336719513;-0.1882951706647873;-0.0661577582359314;0.01595052145421505;0.02229817770421505;0.7264811396598816;0.5012500286102295;1.0405833721160889;0.05833333358168602;0;0;-1.4040621519088745;False;[True, True, True];-0.9805550575256348;0.18603934347629547
587.629;36.29199981689453;False;[8190, 8190, 8190, 8190, 8190, 8190, 8190, 8190, 8190, 319, 8190, 8190, 8190, 8190, 8190, 8190, 8190, 8190];-2.8091602325439453;-0.7175573110580444;-0.057251907885074615;0.0213623046875;0.021026611328125;0.824737548828125;0.5012500286102295;1.0405833721160889;0.05833333358168602;0;0;-1.5027987957000732;False;[True, True, True];-0.9805550575256348;0.18603934347629547
587.699;36.29199981689453;False;[8190, 8190, 8190, 8190, 8190, 8190, 8190, 8190, 8190, 354, 8190, 8190, 8190, 8190, 8190, 8190, 8190, 8190];0.796437680721283;0.10687022656202316;-0.2239186018705368;0.02913411520421505;0.0031941730994731188;0.9206339716911316;0.5012500286102295;1.0405833721160889;0.05833333358168602;0;0;-1.5887852907180786;False;[True, True, True];-0.9805550575256348;0.18603934347629547
587.769;36.29199981689453;False;[8190, 8190, 8190, 8190, 8190, 8190, 8190, 8190, 8190, 336, 8190, 8190, 8190, 8190, 8190, 8190, 8190, 8190];2.990185260772705;0.5954198837280273;-0.342420905828476;0.0235421322286129;0.0267508365213871;0.946044921875;0.4975000023841858;1.0441666841506958;0.061666667461395264;0;0;-1.4786895513534546;False;[True, True, True];-0.9805550575256348;0.18603934347629547
587.835;36.29199981689453;False;[8190, 8190, 8190, 8190, 8190, 8190, 8190, 8190, 8190, 339, 8190, 8190, 8190, 8190, 8190, 8190, 8190, 8190];0.5954198837280273;0.04198474809527397;-0.2270992249250412;0.02276611328125;0.0339202880859375;0.9644012451171875;0.4975000023841858;1.0441666841506958;0.061666667461395264;0;0;-1.412870168685913;False;[True, True, True];-0.9805550575256348;0.18603934347629547
587.906;36.29199981689453;False;[8190, 8190, 8190, 8190, 8190, 8190, 8190, 8190, 8190, 336, 8190, 8190, 8190, 8190, 8190, 8190, 8190, 8190];-0.6293469667434692;-0.262934684753418;-0.16115352511405945;0.02669270895421505;0.0210232213139534;0.9799262285232544;0.5026666522026062;1.0405833721160889;0.050583332777023315;0;0;-1.4416871070861816;False;[True, True, True];-0.9805550575256348;0.18603934347629547
587.978;36.29199981689453;False;[8190, 8190, 8190, 8190, 8190, 8190, 8190, 8190, 8190, 356, 8190, 8190, 8190, 8190, 8190, 8190, 8190, 8190];0.9007633328437805;0.18320611119270325;-0.18320611119270325;0.015869140625;0.01837158203125;0.56756591796875;0.4958333373069763;1.0441666841506958;0.057500001043081284;0;0;-1.4141170978546143;False;[True, True, True];-0.9805550575256348;0.18603934347629547
588.046;36.29199981689453;False;[8190, 8190, 8190, 8190, 8190, 8190, 8190, 8190, 8190, 8190, 346, 8190, 8190, 8190, 8190, 8190, 8190, 8190];0.16030535101890564;-0.0877862572669983;-0.19465647637844086;0.0177001953125;0.025054931640625;0.825286865234375;0.496666669845581;1.0449999570846558;0.05833333358168602;0;0;-1.3586959838867188;False;[True, True, True];-0.9805550575256348;0.18603934347629547
588.125;36.29199981689453;False;[8190, 8190, 8190, 8190, 8190, 8190, 8190, 8190, 8190, 8190, 337, 8190, 8190, 8190, 8190, 8190, 8190, 8190];-0.656488537788391;-0.2442748099565506;-0.15012723207473755;0.02583821676671505;0.02325439453125;0.91864013671875;0.496666669845581;1.0449999570846558;0.05833333358168602;0;0;-1.383133053779602;False;[True, True, True];-0.9805550575256348;0.18603934347629547
588.19;36.29199981689453;False;[8190, 8190, 8190, 8190, 8190, 8190, 8190, 8190, 8190, 326, 8190, 8190, 8190, 8190, 8190, 8190, 8190, 8190];-0.525627076625824;-0.23773173987865448;-0.1679389327764511;0.02389090321958065;0.02556501142680645;0.9441964030265808;0.4970833361148834;1.03725004196167;0.05666666850447655;0;0;-1.4119693040847778;False;[True, True, True];-0.9805550575256348;0.18603934347629547
588.262;36.29199981689453;False;[8190, 8190, 8190, 8190, 8190, 8190, 8190, 8190, 8190, 335, 8190, 8190, 8190, 8190, 8190, 8190, 8190, 8190];2.1526715755462646;0.877014398574829;-0.31721794605255127;0.0272352434694767;0.01508246548473835;0.9806044101715088;0.49958333373069763;1.0405833721160889;0.0599999986588955;0;0;-1.3616857528686523;False;[True, True, True];-0.9805550575256348;0.18603934347629547
588.326;36.29199981689453;False;[8190, 8190, 8190, 8190, 8190, 8190, 8190, 8190, 8190, 8190, 329, 8190, 8190, 8190, 8190, 8190, 8190, 8190];0.6992367506027222;0.0793893039226532;-0.2610686719417572;0.0162353515625;0.04742431640625;0.988781750202179;0.49958333373069763;1.0405833721160889;0.0599999986588955;0;0;-1.2760101556777954;False;[True, True, True];-0.9805550575256348;0.18603934347629547
588.402;36.29199981689453;False;[8190, 8190, 8190, 8190, 8190, 8190, 8190, 8190, 8190, 8190, 340, 8190, 8190, 8190, 8190, 8190, 8190, 8190];-0.4885496199131012;-0.14249365031719208;-0.16284987330436707;0.015869140625;0.01025390625;0.7374674677848816;0.5026666522026062;1.0437500476837158;0.0639166682958603;0;0;-1.3569183349609375;False;[True, True, True];-0.9805550575256348;0.18603934347629547
588.474;36.29199981689453;False;[8190, 8190, 8190, 8190, 8190, 8190, 8190, 8190, 8190, 8190, 318, 8190, 8190, 8190, 8190, 8190, 8190, 8190];3.3702290058135986;0.5954198837280273;-0.29770994186401367;0.02178955078125;0.018402099609375;0.825836181640625;0.5026666522026062;1.0437500476837158;0.0639166682958603;0;0;-1.3137595653533936;False;[True, True, True];-0.9805550575256348;0.18603934347629547
588.547;36.29199981689453;False;[8190, 8190, 8190, 8190, 8190, 8190, 8190, 8190, 8190, 8190, 356, 8190, 8190, 8190, 8190, 8190, 8190, 8190];2.1526718139648438;0.4860050678253174;-0.4020356237888336;0.01725260354578495;0.03521728515625;0.91693115234375;0.4987500011920929;1.0426666736602783;0.06083333492279053;0;0;-1.1247789859771729;False;[True, True, True];-0.9805550575256348;0.18603934347629547
588.62;36.29199981689453;False;[8190, 8190, 8190, 8190, 8190, 8190, 8190, 8190, 8190, 8190, 8190, 8191, 8190, 8190, 8190, 8190, 8190, 8190];3.4427480697631836;0.7938930988311768;-0.47328242659568787;0.026947021484375;0.0241546630859375;0.9660797119140625;0.4987500011920929;1.0426666736602783;0.06083333492279053;0;0;-0.989123284816742;False;[True, True, True];-0.9805550575256348;0.18603934347629547
588.692;36.29199981689453;False;[8190, 8190, 8190, 8190, 8190, 8190, 8190, 8190, 331, 8190, 8190, 8190, 8190, 8190, 8190, 8190, 8190, 8190];8.54656505584717;2.149618148803711;-0.7465649247169495;0.02568359300494194;0.02503662183880806;0.994616687297821;0.4962500035762787;1.0475000143051147;0.0599999986588955;0;0;-0.6509969830513;False;[True, True, True];-0.9805550575256348;0.18603934347629547
588.762;36.29199981689453;False;[8190, 8190, 8190, 8190, 8190, 8190, 8190, 8190, 355, 8190, 8190, 8190, 8190, 8190, 8190, 8190, 8190, 8190];2.8753182888031;0.687022864818573;-1.0076335668563843;0.025390625;0.111572265625;0.721923828125;0.4958333373069763;1.0433332920074463;0.059166666120290756;0;0;-0.15602412819862366;False;[True, True, True];-0.9805550575256348;0.18603934347629547
588.827;36.29199981689453;False;[8190, 8190, 8190, 8190, 8190, 8190, 8190, 8190, 8191, 8190, 8190, 8190, 8190, 8190, 8190, 8190, 8190, 8190];-0.40712466835975647;0.010178116150200367;-0.4020356237888336;-0.0005696614389307797;0.02693684957921505;0.7369791865348816;0.4958333373069763;1.0433332920074463;0.059166666120290756;0;0;-0.1061815395951271;False;[True, True, True];-0.9805550575256348;0.18603934347629547
588.894;36.29199981689453;False;[8190, 8190, 8190, 8190, 8190, 8190, 8190, 8190, 8191, 8190, 8190, 8190, 8190, 8190, 8190, 8190, 8190, 8190];0.5229008197784424;0.12977099418640137;-0.2786259651184082;0.01751708984375;0.072967529296875;0.822479248046875;0.4970833361148834;1.0441666841506958;0.050583332777023315;0;0;-0.0634409859776497;False;[True, True, True];-0.9805550575256348;0.18603934347629547
588.973;36.29199981689453;False;[8190, 8190, 8190, 8190, 8190, 8190, 8190, 8190, 8191, 8190, 8190, 8190, 8190, 8190, 8190, 8190, 8190, 8190];0.14830969274044037;-0.06979279965162277;-0.22900763154029846;0.011474609375;0.0629185289144516;0.9442662000656128;0.503083348274231;1.0422500371932983;0.0599999986588955;0;0;-0.043990544974803925;False;[True, True, True];-0.9805550575256348;0.18603934347629547
589.047;36.29199981689453;False;[8190, 8190, 8190, 8190, 8190, 8190, 8190, 8190, 248, 8190, 8190, 8190, 8190, 8190, 8190, 8190, 8190, 8190];0.061068687587976456;-0.152671754360199;-0.2442747950553894;0.01421440951526165;0.0654296875;0.977783203125;0.4983333349227905;1.0433332920074463;0.0599999986588955;0;0;-0.024829767644405365;False;[True, True, True];-0.9805550575256348;0.18603934347629547
589.113;36.29199981689453;False;[8190, 8190, 8190, 8190, 8190, 8190, 8190, 8190, 202, 8190, 8190, 8190, 8190, 8190, 8190, 8190, 8190, 8190];-0.07786259055137634;-0.0854961797595024;-0.285496175289154;0.0146484375;0.06119384616613388;0.99188232421875;0.4983333349227905;1.0433332920074463;0.0599999986588955;0;0;-0.019053058698773384;False;[True, True, True];-0.9805550575256348;0.18603934347629547
589.182;36.29199981689453;False;[8190, 8190, 8190, 8190, 8190, 8190, 8190, 8190, 119, 8190, 8190, 8190, 8190, 8190, 8190, 8190, 8190, 8190];-0.28244274854660034;-0.1221374049782753;-3.0839693546295166;0.014892578125;0.03497314453125;0.55047607421875;0.5;1.0437500476837158;0.05874999985098839;0;0;0.00455617718398571;False;[True, True, True];-0.9805550575256348;0.18603934347629547
589.254;36.29199981689453;False;[8190, 8190, 8190, 8190, 8190, 8190, 8190, 8190, 8190, 78, 8190, 8190, 8190, 8190, 8190, 8190, 8190, 8190];-1.6946563720703125;-0.572519063949585;-22.59923553466797;0.0250244140625;0.055084228515625;0.827117919921875;0.5008333325386047;1.0364166498184204;0.05583333224058151;0;0;0.18805404007434845;False;[True, True, True];-0.9805550575256348;0.18603934347629547
589.321;36.29199981689453;False;[8190, 8190, 8190, 8190, 8190, 8190, 8190, 8190, 8190, 80, 8190, 8190, 8190, 8190, 8190, 8190, 8190, 8190];-2.8061068058013916;-1.038167953491211;-40.067176818847656;0.01889648474752903;0.05610351637005806;0.884423851966858;0.5008333325386047;1.0364166498184204;0.05583333224058151;0;0;0.2808058559894562;False;[True, True, True];-0.9805550575256348;0.18603934347629547
589.391;36.29199981689453;False;[8190, 8190, 8190, 8190, 8190, 8190, 8190, 8190, 93, 8190, 8190, 8190, 8190, 8190, 8190, 8190, 8190, 8190];-3.498364210128784;-1.278080701828003;-52.89203643798828;0.015241350047290325;0.054931640625;0.9463239312171936;0.49791666865348816;1.0437500476837158;0.050583332777023315;0;0;-0.2556801736354828;False;[True, True, True];-0.9805550575256348;0.18603934347629547
589.467;36.29199981689453;False;[8190, 8190, 8190, 8190, 8190, 8190, 8190, 8190, 8190, 122, 8190, 8190, 8190, 8190, 8190, 8190, 8190, 8190];-3.260390043258667;-1.7302799224853516;-61.62340545654297;0.0221082903444767;0.0640190988779068;0.978759765625;0.5008333325386047;1.0449999570846558;0.0664166659116745;0;0;0.3280927240848541;False;[True, True, True];-0.9805550575256348;0.18603934347629547
589.533;36.29199981689453;False;[8190, 8190, 8190, 8190, 8190, 8190, 8190, 8190, 179, 8190, 8190, 8190, 8190, 8190, 8190, 8190, 8190, 8190];-3.5099239349365234;-1.903816819190979;-70.8885498046875;0.02822265587747097;0.06107177585363388;0.990002453327179;0.5008333325386047;1.0449999570846558;0.0664166659116745;0;0;-0.24281013011932373;False;[True, True, True];-0.9805550575256348;0.18603934347629547
589.605;36.29199981689453;False;[8190, 8190, 8190, 8190, 8190, 8190, 8190, 8190, 214, 8190, 8190, 8190, 8190, 8190, 8190, 8190, 8190, 8190];-3.5928752422332764;-1.6081424951553345;-49.94401931762695;-0.0020345051307231188;0.0441080741584301;0.735107421875;0.5008333325386047;1.0449999570846558;0.0664166659116745;0;0;0.2087794840335846;False;[True, True, True];-0.9805550575256348;0.18603934347629547
589.674;36.29199981689453;False;[8190, 8190, 8190, 8190, 8190, 8190, 8190, 8190, 8190, 244, 8190, 8190, 8190, 8190, 8190, 8190, 8190, 8190];-7.76335906982422;-2.5190839767456055;-53.72900390625;0.00640869140625;0.060211181640625;0.822174072265625;0.5076666474342346;1.0433332920074463;0.059583332389593124;0;0;-0.06305542588233948;False;[True, True, True];-0.9805550575256348;0.18603934347629547
589.739;36.29199981689453;False;[8190, 8190, 8190, 8190, 8190, 8190, 8190, 8190, 255, 8190, 8190, 8190, 8190, 8190, 8190, 8190, 8190, 8190];-13.20992374420166;-3.458014965057373;-42.69083786010742;0.00750732421875;0.042633056640625;0.826385498046875;0.5076666474342346;1.0433332920074463;0.059583332389593124;0;0;-0.1502688229084015;False;[True, True, True];-0.9805550575256348;0.18603934347629547
589.81;36.29199981689453;False;[8190, 8190, 8190, 8190, 8190, 8190, 8190, 8190, 8190, 224, 8190, 8190, 8190, 8190, 8190, 8190, 8190, 8190];-12.605598449707031;-3.076335906982422;-35.213741302490234;0.02836100198328495;0.01918538473546505;0.9234822392463684;0.5076666474342346;1.0433332920074463;0.059583332389593124;0;0;0.380341649055481;False;[True, True, True];-0.9805550575256348;0.18603934347629547
589.884;36.29199981689453;False;[8190, 8190, 8190, 8190, 8190, 8190, 8190, 8190, 8190, 218, 8190, 8190, 8190, 8190, 8190, 8190, 8190, 8190];-8.284351348876953;-1.5477099418640137;-30.11832046508789;0.021881103515625;-0.0039825439453125;0.9650421142578125;0.496666669845581;1.0426666736602783;0.06308333575725555;0;0;0.0923241376876831;False;[True, True, True];-0.9805550575256348;0.18603934347629547
589.964;36.29199981689453;False;[8190, 8190, 8190, 8190, 8190, 8190, 8190, 8190, 8190, 229, 8190, 8190, 8190, 8190, 8190, 8190, 8190, 8190];5.3969464302063;1.229007601737976;-1.3664121627807617;0.017822265625;0.00335693359375;0.55328369140625;0.5004166960716248;1.0418332815170288;0.057500001043081284;0;0;0.10230723768472672;False;[True, True, True];-0.9805550575256348;0.18603934347629547
590.033;36.29199981689453;False;[8190, 8190, 8190, 8190, 8190, 8190, 8190, 8190, 8190, 8190, 243, 8190, 8190, 8190, 8190, 8190, 8190, 8190];6.916030406951904;1.622137427330017;-0.6603053212165833;0.012939453125;0.055145263671875;0.822357177734375;0.5022500157356262;1.0410000085830688;0.06433333456516266;0;0;0.5477041006088257;False;[True, True, True];-0.9805550575256348;0.18603934347629547
590.109;36.29199981689453;False;[8190, 8190, 8190, 8190, 8190, 8190, 8190, 8190, 8190, 8190, 8190, 286, 8190, 8190, 8190, 8190, 8190, 8190];-2.9745547771453857;-0.8575063347816467;-0.038167934864759445;0.014485676772892475;0.0710245743393898;0.91375732421875;0.5022500157356262;1.0410000085830688;0.06433333456516266;0;0;0.6772242784500122;False;[True, True, True];-0.9805550575256348;0.18603934347629547
590.182;36.29199981689453;False;[8190, 8190, 8190, 8190, 8190, 8190, 8190, 8190, 8190, 8190, 293, 8190, 8190, 8190, 8190, 8190, 8190, 8190];-12.141220092773438;-3.101145029067993;0.45610687136650085;0.021331787109375;0.0447845458984375;0.9652862548828125;0.5016666650772095;1.03725004196167;0.057500001043081284;0;0;0.27141812443733215;False;[True, True, True];-0.9805550575256348;0.18603934347629547
590.251;36.29199981689453;False;[8190, 8190, 8190, 8190, 8190, 8190, 8190, 8190, 281, 8190, 8190, 8190, 8190, 8190, 8190, 8190, 8190, 8190];-3.1511449813842773;-0.7999998927116394;-0.068702295422554;0.04372558742761612;-0.05111084133386612;1.000158667564392;0.4970833361148834;1.0422500371932983;0.0599999986588955;0;0;-0.11192596703767776;False;[True, True, True];-0.9805550575256348;0.18603934347629547
590.326;36.29199981689453;False;[8190, 8190, 8190, 8190, 8190, 8190, 8190, 8190, 8190, 247, 8190, 8190, 8190, 8190, 8190, 8190, 8190, 8190];5.97964334487915;1.3689566850662231;-0.4122137129306793;0.016845703125;0.0365397147834301;0.7333984375;0.505583345890045;1.0426666736602783;0.059166666120290756;0;0;0.2988019585609436;False;[True, True, True];-0.9805550575256348;0.18603934347629547
590.4;36.29199981689453;False;[8190, 8190, 8190, 8190, 8190, 8190, 8190, 8190, 8190, 8190, 225, 8190, 8190, 8190, 8190, 8190, 8190, 8190];-0.6839694380760193;-0.2076335847377777;-0.137404590845108;0.01381835900247097;0.05698242038488388;0.878222644329071;0.505583345890045;1.0426666736602783;0.059166666120290756;0;0;0.528204321861267;False;[True, True, True];-0.9805550575256348;0.18603934347629547
590.467;36.29199981689453;False;[8190, 8190, 8190, 8190, 8190, 8190, 8190, 8190, 8190, 8190, 205, 8190, 8190, 8190, 8190, 8190, 8190, 8190];-7.81679344177246;-2.0203561782836914;0.22900764644145966;0.02225748635828495;0.03778076171875;0.9180704951286316;0.49958333373069763;1.0401666164398193;0.059583332389593124;0;0;0.299845963716507;False;[True, True, True];-0.9805550575256348;0.18603934347629547
590.548;36.29199981689453;False;[8190, 8190, 8190, 8190, 8190, 8190, 8190, 8190, 8190, 209, 8190, 8190, 8190, 8190, 8190, 8190, 8190, 8190];-1.706531047821045;-0.4342662990093231;-0.12722645699977875;0.0402560755610466;-0.0314670130610466;0.9862467646598816;0.5039166808128357;1.0454167127609253;0.059166666120290756;0;0;-0.005530063062906265;False;[True, True, True];-0.9805550575256348;0.18603934347629547
590.617;36.29199981689453;False;[8190, 8190, 8190, 8190, 8190, 8190, 8190, 8190, 8190, 273, 8190, 8190, 8190, 8190, 8190, 8190, 8190, 8190];6.244275093078613;1.4320611953735352;-0.50229012966156;0.028076171875;0.02349853515625;0.991686999797821;0.5039166808128357;1.0454167127609253;0.059166666120290756;0;0;0.2537102699279785;False;[True, True, True];-0.9805550575256348;0.18603934347629547
590.682;36.29199981689453;False;[8190, 8190, 8190, 8190, 8190, 8190, 8190, 8190, 8190, 8190, 238, 8190, 8190, 8190, 8190, 8190, 8190, 8190];-0.4198473393917084;-0.18320611119270325;-0.0687022879719734;0.010009765625;0.02972412109375;0.54803466796875;0.5039166808128357;1.0454167127609253;0.059166666120290756;0;0;0.41956502199172974;False;[True, True, True];-0.9805550575256348;0.18603934347629547
590.756;36.29199981689453;False;[8190, 8190, 8190, 8190, 8190, 8190, 8190, 8190, 8190, 8190, 289, 8190, 8190, 8190, 8190, 8190, 8190, 8190];-5.122137546539307;-1.2938930988311768;0.0763358771800995;0.0213623046875;0.026336669921875;0.826934814453125;0.4962500035762787;1.0426666736602783;0.05791666731238365;0;0;0.27298885583877563;False;[True, True, True];-0.9805550575256348;0.18603934347629547
590.825;36.29199981689453;False;[8190, 8190, 8190, 8190, 8190, 8190, 8190, 8190, 8190, 295, 8190, 8190, 8190, 8190, 8190, 8190, 8190, 8190];-0.8473281860351562;-0.24936388432979584;-0.18320612609386444;0.0331217460334301;-0.011983235366642475;0.9228718876838684;0.4962500035762787;1.0426666736602783;0.05791666731238365;0;0;0.0723099410533905;False;[True, True, True];-0.9805550575256348;0.18603934347629547
590.891;36.29199981689453;False;[8190, 8190, 8190, 8190, 8190, 8190, 8190, 8190, 8190, 305, 8190, 8190, 8190, 8190, 8190, 8190, 8190, 8190];3.9109413623809814;0.8371501564979553;0.290076345205307;0.02644856832921505;0.02081298828125;0.91851806640625;0.4962500035762787;1.0426666736602783;0.05791666731238365;0;0;0.17306062579154968;False;[True, True, True];-0.9805550575256348;0.18603934347629547
590.965;36.29199981689453;False;[8190, 8190, 8190, 8190, 8190, 8190, 8190, 8190, 8190, 302, 8190, 8190, 8190, 8190, 8190, 8190, 8190, 8190];1.0670057535171509;0.1458863615989685;-0.23070399463176727;0.02156575582921505;0.0421549491584301;0.9781630039215088;0.4962500035762787;1.0426666736602783;0.05791666731238365;0;0;0.3021618723869324;False;[True, True, True];-0.9805550575256348;0.18603934347629547
591.049;36.29199981689453;False;[8190, 8190, 8190, 8190, 8190, 8190, 8190, 8190, 8190, 292, 8190, 8190, 8190, 8190, 8190, 8190, 8190, 8190];-3.3778629302978516;-0.8702290058135986;-0.019083969295024872;0.02398681640625;0.015045166015625;0.825592041015625;0.5051666498184204;1.0441666841506958;0.05375000089406967;0;0;0.17708443105220795;False;[True, True, True];-0.9805550575256348;0.18603934347629547
591.115;36.29199981689453;False;[8190, 8190, 8190, 8190, 8190, 8190, 8190, 8190, 8190, 297, 8190, 8190, 8190, 8190, 8190, 8190, 8190, 8190];0.494656503200531;0.02442747727036476;-0.222900778055191;0.02812499925494194;0.0023437500931322575;0.883154273033142;0.49791666865348816;1.0441666841506958;0.06041666492819786;0;0;0.08536623418331146;False;[True, True, True];-0.9805550575256348;0.18603934347629547
591.185;36.29199981689453;False;[8190, 8190, 8190, 8190, 8190, 8190, 8190, 8190, 8190, 297, 8190, 8190, 8190, 8190, 8190, 8190, 8190, 8190];2.529989004135132;0.5190839767456055;-0.3206106722354889;0.0259835384786129;0.0265066958963871;0.9428013563156128;0.49791666865348816;1.0441666841506958;0.06041666492819786;0;0;0.17105968296527863;False;[True, True, True];-0.9805550575256348;0.18603934347629547
591.25;36.29199981689453;False;[8190, 8190, 8190, 8190, 8190, 8190, 8190, 8190, 8190, 299, 8190, 8190, 8190, 8190, 8190, 8190, 8190, 8190];0.0828789547085762;-0.124318428337574;-0.22028353810310364;0.02263532392680645;0.0353306345641613;0.9441615343093872;0.5018333196640015;1.03766667842865;0.054999999701976776;0;0;0.228650376200676;False;[True, True, True];-0.9805550575256348;0.18603934347629547
591.319;36.29199981689453;False;[8190, 8190, 8190, 8190, 8190, 8190, 8190, 8190, 8190, 293, 8190, 8190, 8190, 8190, 8190, 8190, 8190, 8190];-2.578244209289551;-0.6793892979621887;-0.07824427634477615;0.02618408203125;0.0244598388671875;0.9669647216796875;0.49958333373069763;1.0360000133514404;0.061666667461395264;0;0;0.143139973282814;False;[True, True, True];-0.9805550575256348;0.18603934347629547
591.389;36.29199981689453;False;[8190, 8190, 8190, 8190, 8190, 8190, 8190, 8190, 8190, 295, 8190, 8190, 8190, 8190, 8190, 8190, 8190, 8190];-0.41832059621810913;-0.2045801430940628;-0.21221372485160828;0.03220214694738388;0.0061401366256177425;0.99261474609375;0.49958333373069763;1.0360000133514404;0.061666667461395264;0;0;0.07434387505054474;False;[True, True, True];-0.9805550575256348;0.18603934347629547
591.458;36.29199981689453;False;[8190, 8190, 8190, 8190, 8190, 8190, 8190, 8190, 8190, 297, 8190, 8190, 8190, 8190, 8190, 8190, 8190, 8190];1.0458015203475952;0.19083969295024872;-0.16030533611774445;0.014404296875;0.01544189453125;0.54925537109375;0.49958333373069763;1.0360000133514404;0.061666667461395264;0;0;0.15039189159870148;False;[True, True, True];-0.9805550575256348;0.18603934347629547
591.531;36.29199981689453;False;[8190, 8190, 8190, 8190, 8190, 8190, 8190, 8190, 8190, 294, 8190, 8190, 8190, 8190, 8190, 8190, 8190, 8190];-0.69083970785141;-0.221374049782753;-0.10687021911144257;0.020751953125;0.024932861328125;0.829986572265625;0.49916666746139526;1.0458333492279053;0.06683333218097687;0;0;0.18212421238422394;False;[True, True, True];-0.9805550575256348;0.18603934347629547
591.598;36.29199981689453;False;[8190, 8190, 8190, 8190, 8190, 8190, 8190, 8190, 8190, 303, 8190, 8190, 8190, 8190, 8190, 8190, 8190, 8190];-1.5908397436141968;-0.42748087644577026;-0.09160305559635162;0.02500000037252903;0.01655273512005806;0.882177710533142;0.49916666746139526;1.0458333492279053;0.06683333218097687;0;0;0.11878270655870438;False;[True, True, True];-0.9805550575256348;0.18603934347629547
591.673;36.29199981689453;False;[8190, 8190, 8190, 8190, 8190, 8190, 8190, 8190, 8190, 300, 8190, 8190, 8190, 8190, 8190, 8190, 8190, 8190];0.610686957836151;0.0785169005393982;-0.22900763154029846;0.02716936357319355;0.012241908349096775;0.94580078125;0.49958333373069763;1.0414166450500488;0.06308333575725555;0;0;0.08580775558948517;False;[True, True, True];-0.9805550575256348;0.18603934347629547
591.742;36.29199981689453;False;[8190, 8190, 8190, 8190, 8190, 8190, 8190, 8190, 8190, 296, 8190, 8190, 8190, 8190, 8190, 8190, 8190, 8190];1.1793893575668335;0.18511450290679932;-0.25381678342819214;0.025665283203125;0.0255889892578125;0.9644317626953125;0.49958333373069763;1.03725004196167;0.05249999836087227;0;0;0.13924875855445862;False;[True, True, True];-0.9805550575256348;0.18603934347629547
591.81;36.29199981689453;False;[8190, 8190, 8190, 8190, 8190, 8190, 8190, 8190, 8190, 298, 8190, 8190, 8190, 8190, 8190, 8190, 8190, 8190];-0.656488537788391;-0.20610687136650085;-0.1847328245639801;0.02614746056497097;0.02774658240377903;0.99066162109375;0.5016666650772095;1.0441666841506958;0.052916668355464935;0;0;0.13724082708358765;False;[True, True, True];-0.9805550575256348;0.18603934347629547
591.884;36.29199981689453;False;[8190, 8190, 8190, 8190, 8190, 8190, 8190, 8190, 8190, 296, 8190, 8190, 8190, 8190, 8190, 8190, 8190, 8190];-0.37150129675865173;-0.17302799224853516;-0.12722647190093994;0.022216796875;0.01025390625;0.7351887822151184;0.5016666650772095;1.0441666841506958;0.052916668355464935;0;0;0.0820818841457367;False;[True, True, True];-0.9805550575256348;0.18603934347629547
591.953;36.29199981689453;False;[8190, 8190, 8190, 8190, 8190, 8190, 8190, 8190, 8190, 291, 8190, 8190, 8190, 8190, 8190, 8190, 8190, 8190];0.843511462211609;0.10687022656202316;-0.2328244149684906;0.02398681640625;0.017913818359375;0.827362060546875;0.503499984741211;1.0405833721160889;0.05833333358168602;0;0;0.09475762397050858;False;[True, True, True];-0.9805550575256348;0.18603934347629547
592.029;36.29199981689453;False;[8190, 8190, 8190, 8190, 8190, 8190, 8190, 8190, 8190, 294, 8190, 8190, 8190, 8190, 8190, 8190, 8190, 8190];0.03271537646651268;-0.0806979313492775;-0.18102507293224335;0.0254952572286129;0.0263671875;0.9453125;0.5043333172798157;1.034333348274231;0.06083333492279053;0;0;0.12755292654037476;False;[True, True, True];-0.9805550575256348;0.18603934347629547
592.097;36.29199981689453;False;[8190, 8190, 8190, 8190, 8190, 8190, 8190, 8190, 8190, 298, 8190, 8190, 8190, 8190, 8190, 8190, 8190, 8190];-0.9904580116271973;-0.2729007601737976;-0.14885495603084564;0.02728271484375;0.0213775634765625;0.9671478271484375;0.5043333172798157;1.034333348274231;0.06083333492279053;0;0;0.0983426123857498;False;[True, True, True];-0.9805550575256348;0.18603934347629547
592.171;36.29199981689453;False;[8190, 8190, 8190, 8190, 8190, 8190, 8190, 8190, 8190, 298, 8190, 8190, 8190, 8190, 8190, 8190, 8190, 8190];-0.0030534446705132723;-0.06717556715011597;-0.19389314949512482;0.03032226487994194;0.01656494103372097;0.993811011314392;0.5022500157356262;1.0441666841506958;0.057500001043081284;0;0;0.0767108052968979;False;[True, True, True];-0.9805550575256348;0.18603934347629547
592.243;36.29199981689453;False;[8190, 8190, 8190, 8190, 8190, 8190, 8190, 8190, 8190, 296, 8190, 8190, 8190, 8190, 8190, 8190, 8190, 8190];0.32569974660873413;0.02544529177248478;-0.157760813832283;0.01961263082921505;0.01936849020421505;0.7338053584098816;0.5026666522026062;1.0401666164398193;0.06558333337306976;0;0;0.10809695720672607;False;[True, True, True];-0.9805550575256348;0.18603934347629547
592.319;36.29199981689453;False;[8190, 8190, 8190, 8190, 8190, 8190, 8190, 8190, 8190, 296, 8190, 8190, 8190, 8190, 8190, 8190, 8190, 8190];-0.6656488180160522;-0.18931296467781067;-0.1221374049782753;0.02456054650247097;0.02031249925494194;0.882128894329071;0.5026666522026062;1.0401666164398193;0.06558333337306976;0;0;0.10246498882770538;False;[True, True, True];-0.9805550575256348;0.18603934347629547
592.392;36.29199981689453;False;[8190, 8190, 8190, 8190, 8190, 8190, 8190, 8190, 8190, 301, 8190, 8190, 8190, 8190, 8190, 8190, 8190, 8190];-0.29880043864250183;-0.161395862698555;-0.18974919617176056;0.02859933115541935;0.01702008955180645;0.944580078125;0.5026666522026062;1.0401666164398193;0.06558333337306976;0;0;0.07829831540584564;False;[True, True, True];-0.9805550575256348;0.18603934347629547
592.461;36.29199981689453;False;[8190, 8190, 8190, 8190, 8190, 8190, 8190, 8190, 8190, 295, 8190, 8190, 8190, 8190, 8190, 8190, 8190, 8190];0.3324851393699646;-0.020356234163045883;-0.18659882247447968;0.0286729596555233;0.02020941860973835;0.9796006679534912;0.5018333196640015;1.0491666793823242;0.06433333456516266;0;0;0.08531127125024796;False;[True, True, True];-0.9805550575256348;0.18603934347629547
592.533;36.29199981689453;False;[8190, 8190, 8190, 8190, 8190, 8190, 8190, 8190, 8190, 295, 8190, 8190, 8190, 8190, 8190, 8190, 8190, 8190];-0.18320611119270325;-0.0687022879719734;-0.1221374049782753;0.01416015625;0.01239013671875;0.55157470703125;0.5043333172798157;1.0426666736602783;0.055416665971279144;0;0;0.09405168145895004;False;[True, True, True];-0.9805550575256348;0.18603934347629547
592.604;36.29199981689453;False;[8190, 8190, 8190, 8190, 8190, 8190, 8190, 8190, 8190, 301, 8190, 8190, 8190, 8190, 8190, 8190, 8190, 8190];-0.2557251751422882;-0.152671754360199;-0.1450381726026535;0.0234375;0.016265869140625;0.826324462890625;0.503083348274231;1.0462499856948853;0.05624999850988388;0;0;0.07754574716091156;False;[True, True, True];-0.9805550575256348;0.18603934347629547
592.675;36.29199981689453;False;[8190, 8190, 8190, 8190, 8190, 8190, 8190, 8190, 8190, 297, 8190, 8190, 8190, 8190, 8190, 8190, 8190, 8190];0.18015268445014954;-0.0427480936050415;-0.152671754360199;0.02504882775247097;0.01958007737994194;0.8896484375;0.503083348274231;1.0462499856948853;0.05624999850988388;0;0;0.0767889842391014;False;[True, True, True];-0.9805550575256348;0.18603934347629547
592.746;36.29199981689453;False;[8190, 8190, 8190, 8190, 8190, 8190, 8190, 8190, 8190, 298, 8190, 8190, 8190, 8190, 8190, 8190, 8190, 8190];-0.12649944424629211;-0.13304252922534943;-0.18538713455200195;0.025390625;0.020263671875;0.9439522624015808;0.49958333373069763;1.0397499799728394;0.05375000089406967;0;0;0.0752863809466362;False;[True, True, True];-0.9805550575256348;0.18603934347629547
592.821;36.29199981689453;False;[8190, 8190, 8190, 8190, 8190, 8190, 8190, 8190, 8190, 297, 8190, 8190, 8190, 8190, 8190, 8190, 8190, 8190];-0.08312128484249115;-0.12892280519008636;-0.19168788194656372;0.02802191860973835;0.02178276889026165;0.980224609375;0.5;1.0454167127609253;0.059166666120290756;0;0;0.07240165770053864;False;[True, True, True];-0.9805550575256348;0.18603934347629547
592.9;36.29199981689453;False;[8190, 8190, 8190, 8190, 8190, 8190, 8190, 8190, 8190, 300, 8190, 8190, 8190, 8190, 8190, 8190, 8190, 8190];0.010178117081522942;-0.0763358771800995;-0.13740457594394684;0.02042643167078495;0.01619466207921505;0.7361653447151184;0.5008333325386047;1.0449999570846558;0.05225000157952309;0;0;0.0688859447836876;False;[True, True, True];-0.9805550575256348;0.18603934347629547
592.979;36.29199981689453;False;[8190, 8190, 8190, 8190, 8190, 8190, 8190, 8190, 8190, 302, 8190, 8190, 8190, 8190, 8190, 8190, 8190, 8190];-0.18575064837932587;-0.12468194216489792;-0.1908397078514099;0.02579752542078495;0.01979573629796505;0.92169189453125;0.5008333325386047;1.0449999570846558;0.05225000157952309;0;0;0.06396815925836563;False;[True, True, True];-0.9805550575256348;0.18603934347629547
593.046;36.29199981689453;False;[8190, 8190, 8190, 8190, 8190, 8190, 8190, 8190, 8190, 298, 8190, 8190, 8190, 8190, 8190, 8190, 8190, 8190];0.14394767582416534;-0.034896403551101685;-0.2093784064054489;0.02880859375;0.02130998857319355;0.9406389594078064;0.5043333172798157;1.0418332815170288;0.059583332389593124;0;0;0.06480010598897934;False;[True, True, True];-0.9805550575256348;0.18603934347629547
593.114;36.29199981689453;False;[8190, 8190, 8190, 8190, 8190, 8190, 8190, 8190, 8190, 291, 8190, 8190, 8190, 8190, 8190, 8190, 8190, 8190];-0.038167938590049744;-0.0820610672235489;-0.2270992398262024;0.0267333984375;0.0226898193359375;0.9635772705078125;0.5018333196640015;1.0389167070388794;0.05225000157952309;0;0;0.06852034479379654;False;[True, True, True];-0.9805550575256348;0.18603934347629547
593.186;36.29199981689453;False;[8190, 8190, 8190, 8190, 8190, 8190, 8190, 8190, 8190, 302, 8190, 8190, 8190, 8190, 8190, 8190, 8190, 8190];-0.19083969295024872;-0.15572521090507507;-0.19236640632152557;0.02875976637005806;0.02308349683880806;0.99517822265625;0.5018333196640015;1.0389167070388794;0.05225000157952309;0;0;0.0624556839466095;False;[True, True, True];-0.9805550575256348;0.18603934347629547
593.254;36.29199981689453;False;[8190, 8190, 8190, 8190, 8190, 8190, 8190, 8190, 8190, 300, 8190, 8190, 8190, 8190, 8190, 8190, 8190, 8190];-0.0763358771800995;-0.1221374049782753;-0.1679389327764511;0.02132161520421505;0.01627604104578495;0.7351887822151184;0.5022500157356262;1.0441666841506958;0.055416665971279144;0;0;0.05555160716176033;False;[True, True, True];-0.9805550575256348;0.18603934347629547
593.323;36.29199981689453;False;[8190, 8190, 8190, 8190, 8190, 8190, 8190, 8190, 8190, 296, 8190, 8190, 8190, 8190, 8190, 8190, 8190, 8190];0.02671755664050579;-0.10687023401260376;-0.16030533611774445;0.02374267578125;0.017730712890625;0.826629638671875;0.5043333172798157;1.0422500371932983;0.05583333224058151;0;0;0.05372117459774017;False;[True, True, True];-0.9805550575256348;0.18603934347629547
593.394;36.29199981689453;False;[8190, 8190, 8190, 8190, 8190, 8190, 8190, 8190, 8190, 297, 8190, 8190, 8190, 8190, 8190, 8190, 8190, 8190];0.10992366075515747;-0.0396946594119072;-0.18320611119270325;0.02470703050494194;0.01938476599752903;0.882128894329071;0.5076666474342346;1.0433332920074463;0.059583332389593124;0;0;0.058822255581617355;False;[True, True, True];-0.9805550575256348;0.18603934347629547
593.472;36.29199981689453;False;[8190, 8190, 8190, 8190, 8190, 8190, 8190, 8190, 8190, 298, 8190, 8190, 8190, 8190, 8190, 8190, 8190, 8190];-0.347328245639801;-0.11259542405605316;-0.21183204650878906;0.02667236328125;0.0211029052734375;0.9664764404296875;0.5076666474342346;1.0433332920074463;0.059583332389593124;0;0;0.04992442950606346;False;[True, True, True];-0.9805550575256348;0.18603934347629547
593.541;36.29199981689453;False;[8190, 8190, 8190, 8190, 8190, 8190, 8190, 8190, 8190, 294, 8190, 8190, 8190, 8190, 8190, 8190, 8190, 8190];-0.029007624834775925;-0.07022900879383087;-0.18320611119270325;0.0269775390625;0.01976318284869194;0.990246593952179;0.5012500286102295;1.0470833778381348;0.05375000089406967;0;0;0.042001720517873764;False;[True, True, True];-0.9805550575256348;0.18603934347629547
593.613;36.29199981689453;False;[8190, 8190, 8190, 8190, 8190, 8190, 8190, 8190, 8190, 301, 8190, 8190, 8190, 8190, 8190, 8190, 8190, 8190];0.1450381726026535;-0.0687022879719734;-0.11450381577014923;0.016357421875;0.01239013671875;0.55047607421875;0.5022500157356262;1.0475000143051147;0.05624999850988388;0;0;0.0510861687362194;False;[True, True, True];-0.9805550575256348;0.18603934347629547
593.679;36.29199981689453;False;[8190, 8190, 8190, 8190, 8190, 8190, 8190, 8190, 8190, 296, 8190, 8190, 8190, 8190, 8190, 8190, 8190, 8190];-0.34096693992614746;-0.13740457594394684;-0.11704834550619125;0.019775390625;0.01692708395421505;0.7362467646598816;0.5022500157356262;1.0475000143051147;0.05624999850988388;0;0;0.05230709910392761;False;[True, True, True];-0.9805550575256348;0.18603934347629547
593.75;36.29199981689453;False;[8190, 8190, 8190, 8190, 8190, 8190, 8190, 8190, 8190, 295, 8190, 8190, 8190, 8190, 8190, 8190, 8190, 8190];-0.23816795647144318;-0.14656488597393036;-0.13435116410255432;0.02670898474752903;0.01596679724752903;0.88232421875;0.5022500157356262;1.0475000143051147;0.05624999850988388;0;0;0.0427885428071022;False;[True, True, True];-0.9805550575256348;0.18603934347629547
593.821;36.29199981689453;False;[8190, 8190, 8190, 8190, 8190, 8190, 8190, 8190, 8190, 303, 8190, 8190, 8190, 8190, 8190, 8190, 8190, 8190];0.4841875731945038;0.013086150400340557;-0.22246456146240234;0.02608816884458065;0.02322823740541935;0.94677734375;0.5012500286102295;1.0433332920074463;0.05375000089406967;0;0;0.05160744860768318;False;[True, True, True];-0.9805550575256348;0.18603934347629547
593.894;36.29199981689453;False;[8190, 8190, 8190, 8190, 8190, 8190, 8190, 8190, 8190, 291, 8190, 8190, 8190, 8190, 8190, 8190, 8190, 8190];0.086513988673687;-0.0559796430170536;-0.17302799224853516;0.028076171875;0.02690972201526165;0.9794379472732544;0.4987500011920929;1.0418332815170288;0.055416665971279144;0;0;0.06433314830064774;False;[True, True, True];-0.9805550575256348;0.18603934347629547
593.968;36.29199981689453;False;[8190, 8190, 8190, 8190, 8190, 8190, 8190, 8190, 8190, 297, 8190, 8190, 8190, 8190, 8190, 8190, 8190, 8190];-0.5572519302368164;-0.16030533611774445;-0.05343511328101158;0.0177001953125;0.01043701171875;0.55194091796875;0.4987500011920929;1.0418332815170288;0.055416665971279144;0;0;0.0411708615720272;False;[True, True, True];-0.9805550575256348;0.18603934347629547
594.038;36.29199981689453;False;[8190, 8190, 8190, 8190, 8190, 8190, 8190, 8190, 8190, 304, 8190, 8190, 8190, 8190, 8190, 8190, 8190, 8190];0.4427480697631836;0.10687023401260376;-0.1679389327764511;0.02058919332921505;0.013916015625;0.7337239384651184;0.5051666498184204;1.03849995136261;0.059166666120290756;0;0;0.021171437576413155;False;[True, True, True];-0.9805550575256348;0.18603934347629547
594.11;36.29199981689453;False;[8190, 8190, 8190, 8190, 8190, 8190, 8190, 8190, 8190, 305, 8190, 8190, 8190, 8190, 8190, 8190, 8190, 8190];0.6137404441833496;0.0732824429869652;-0.222900778055191;0.022705078125;0.02338867262005806;0.881933569908142;0.503083348274231;1.0405833721160889;0.05874999985098839;0;0;0.05647151172161102;False;[True, True, True];-0.9805550575256348;0.18603934347629547
594.184;36.29199981689453;False;[8190, 8190, 8190, 8190, 8190, 8190, 8190, 8190, 8190, 298, 8190, 8190, 8190, 8190, 8190, 8190, 8190, 8190];-1.1690294742584229;-0.2508178651332855;-0.124318428337574;0.0252859927713871;0.0252511166036129;0.9477190375328064;0.503083348274231;1.0405833721160889;0.05874999985098839;0;0;0.03779207542538643;False;[True, True, True];-0.9805550575256348;0.18603934347629547
594.254;36.29199981689453;False;[8190, 8190, 8190, 8190, 8190, 8190, 8190, 8190, 8190, 303, 8190, 8190, 8190, 8190, 8190, 8190, 8190, 8190];-0.8685327172279358;-0.2425784468650818;-0.12892283499240875;0.02864583395421505;0.015055338852107525;0.9830729365348816;0.503083348274231;1.0405833721160889;0.05874999985098839;0;0;-0.00960683450102806;False;[True, True, True];-0.9805550575256348;0.18603934347629547
594.323;36.29199981689453;False;[8190, 8190, 8190, 8190, 8190, 8190, 8190, 8190, 305, 8190, 8190, 8190, 8190, 8190, 8190, 8190, 8190, 8190];0.9541984796524048;0.1480916142463684;-0.23206107318401337;0.02980956993997097;0.01998290978372097;0.997033715248108;0.5022500157356262;1.0454167127609253;0.05249999836087227;0;0;0.01002795621752739;False;[True, True, True];-0.9805550575256348;0.18603934347629547
594.396;36.29199981689453;False;[8190, 8190, 8190, 8190, 8190, 8190, 8190, 8190, 8190, 300, 8190, 8190, 8190, 8190, 8190, 8190, 8190, 8190];-0.3664121925830841;-0.1882951706647873;-0.157760813832283;0.01888020895421505;0.02164713479578495;0.7350260615348816;0.5047500133514404;1.03766667842865;0.059166666120290756;0;0;0.05795853212475777;False;[True, True, True];-0.9805550575256348;0.18603934347629547
594.463;36.29199981689453;False;[8190, 8190, 8190, 8190, 8190, 8190, 8190, 8190, 8190, 299, 8190, 8190, 8190, 8190, 8190, 8190, 8190, 8190];-0.9083969593048096;-0.2748091518878937;-0.152671754360199;0.0225830078125;0.016021728515625;0.827789306640625;0.5047500133514404;1.03766667842865;0.059166666120290756;0;0;0.018396446481347084;False;[True, True, True];-0.9805550575256348;0.18603934347629547
594.538;36.29199981689453;False;[8190, 8190, 8190, 8190, 8190, 8190, 8190, 8190, 304, 8190, 8190, 8190, 8190, 8190, 8190, 8190, 8190, 8190];0.18320612609386444;-0.010178115218877792;-0.18575061857700348;0.02640787698328495;0.01625569723546505;0.9190470576286316;0.5047500133514404;1.03766667842865;0.059166666120290756;0;0;-0.0006306651048362255;False;[True, True, True];-0.9805550575256348;0.18603934347629547
594.609;36.29199981689453;False;[8190, 8190, 8190, 8190, 8190, 8190, 8190, 8190, 8190, 301, 8190, 8190, 8190, 8190, 8190, 8190, 8190, 8190];0.44465646147727966;-0.0038167941384017467;-0.21183204650878906;0.026397705078125;0.0238189697265625;0.9659881591796875;0.5047500133514404;1.03766667842865;0.059166666120290756;0;0;0.021049711853265762;False;[True, True, True];-0.9805550575256348;0.18603934347629547
594.674;36.29199981689453;False;[8190, 8190, 8190, 8190, 8190, 8190, 8190, 8190, 8190, 304, 8190, 8190, 8190, 8190, 8190, 8190, 8190, 8190];-0.274809181690216;-0.19656489789485931;-0.20801524817943573;0.0274658203125;0.0235443115234375;0.9668121337890625;0.5047500133514404;1.03766667842865;0.059166666120290756;0;0;0.02020903304219246;False;[True, True, True];-0.9805550575256348;0.18603934347629547
594.742;36.29199981689453;False;[8190, 8190, 8190, 8190, 8190, 8190, 8190, 8190, 8190, 65, 8190, 8190, 8190, 8190, 8190, 8190, 8190, 8190];-0.4020356237888336;-0.1882951855659485;-0.200169637799263;0.0263671875;0.0211046002805233;0.9802517294883728;0.5018333196640015;1.0410000085830688;0.0545833334326744;0;0;0.0022807386703789234;False;[True, True, True];-0.9805550575256348;0.18603934347629547
594.814;36.29199981689453;False;[8190, 8190, 8190, 8190, 8190, 8190, 8190, 8190, 8190, 78, 8190, 8190, 8190, 8190, 8190, 8190, 8190, 8190];0.11450381577014923;0.007633587811142206;-0.11450381577014923;0.015625;0.01202392578125;0.55084228515625;0.5080833435058594;1.0499999523162842;0.06308333575725555;0;0;0.002050762064754963;False;[True, True, True];-0.9805550575256348;0.18603934347629547
594.884;36.29199981689453;False;[8190, 8190, 8190, 8190, 8190, 8190, 8190, 8190, 8190, 142, 8190, 8190, 8190, 8190, 8190, 8190, 8190, 8190];0.0343511439859867;-0.05343511700630188;-0.18320611119270325;0.02227783203125;0.020477294921875;0.819793701171875;0.4983333349227905;1.0393333435058594;0.06041666492819786;0;0;0.00990927033126354;False;[True, True, True];-0.9805550575256348;0.18603934347629547
594.957;36.29199981689453;False;[8190, 8190, 8190, 8190, 8190, 8190, 8190, 8190, 8190, 119, 8190, 8190, 8190, 8190, 8190, 8190, 8190, 8190];-0.18066157400608063;-0.11704834550619125;-0.18575064837932587;0.02425130270421505;0.02024332620203495;0.9176228642463684;0.4983333349227905;1.0393333435058594;0.06041666492819786;0;0;0.008207990787923336;False;[True, True, True];-0.9805550575256348;0.18603934347629547
