File with results:  out,,,,,Filtered,B,0.1,,,,,,,,,,,,,,,,
22.756,0,0,,,22.756,0,,,,,,,,,,,,,,,,,
22.833,0,0,,,22.833,0,,,,,,,,,,,,,,,,,
22.907,0,0,,,22.907,0,,,,,,,,,,,,,,,,,
23.041,0,0,,,23.041,0,,,,,,,,,,,,,,,,,
23.107,0,0,,,23.107,0,,,,,,,,,,,,,,,,,
23.18,0,0,,,23.18,0,,,,,,,,,,,,,,,,,
23.247,0,0,,,23.247,0,,,,,,,,,,,,,,,,,
23.327,0,0,,,23.327,0,,,,,,,,,,,,,,,,,
23.662,0,0,,,23.662,0,,,,,,,,,,,,,,,,,
23.728,0,0,,,23.728,0,,,,,,,,,,,,,,,,,
23.8,0,0,,,23.8,0,,,,,,,,,,,,,,,,,
23.969,0,0,,,23.969,0,,,,,,,,,,,,,,,,,
24.04,0,0,,,24.04,0,,,,,,,,,,,,,,,,,
24.115,0,0,,,24.115,0,,,,,,,,,,,,,,,,,
24.276,0,0,,,24.276,0,,,,,,,,,,,,,,,,,
24.347,0,0,,,24.347,0,,,,,,,,,,,,,,,,,
24.416,0,0,,,24.416,0,,,,,,,,,,,,,,,,,
24.491,0,0,,,24.491,0,,,,,,,,,,,,,,,,,
24.556,0,0,,,24.556,0,,,,,,,,,,,,,,,,,
24.659,0,0,,,24.659,0,,,,,,,,,,,,,,,,,
24.937,0,0,,,24.937,0,,,,,,,,,,,,,,,,,
25.011,0,0,,,25.011,0,,,,,,,,,,,,,,,,,
25.082,0,0,,,25.082,0,,,,,,,,,,,,,,,,,
25.151,0,0,,,25.151,0,,,,,,,,,,,,,,,,,
25.221,0,0,,,25.221,0,,,,,,,,,,,,,,,,,
25.293,0,0,,,25.293,0,,,,,,,,,,,,,,,,,
25.358,0,0,,,25.358,0,,,,,,,,,,,,,,,,,
25.436,0,0,,,25.436,0,,,,,,,,,,,,,,,,,
25.496,0,0,,,25.496,0,,,,,,,,,,,,,,,,,
25.563,0,0,,,25.563,0,,,,,,,,,,,,,,,,,
25.642,0,0,,,25.642,0,,,,,,,,,,,,,,,,,
25.713,0,0,,,25.713,0,,,,,,,,,,,,,,,,,
25.784,0,0,,,25.784,0,,,,,,,,,,,,,,,,,
25.856,0,0,,,25.856,0,,,,,,,,,,,,,,,,,
25.926,0,0,,,25.926,0,,,,,,,,,,,,,,,,,
25.995,0,0,,,25.995,0,,,,,,,,,,,,,,,,,
26.07,0,0,,,26.07,0,,,,,,,,,,,,,,,,,
26.426,0,0,,,26.426,0,,,,,,,,,,,,,,,,,
26.496,0,0,,,26.496,0,,,,,,,,,,,,,,,,,
26.569,0,0,,,26.569,0,,,,,,,,,,,,,,,,,
26.645,0,0,,,26.645,0,,,,,,,,,,,,,,,,,
26.711,0,0,,,26.711,0,,,,,,,,,,,,,,,,,
27.035,0,0,,,27.035,0,,,,,,,,,,,,,,,,,
27.104,0,0,,,27.104,0,,,,,,,,,,,,,,,,,
27.172,0,0,,,27.172,0,,,,,,,,,,,,,,,,,
27.243,0,0,,,27.243,0,,,,,,,,,,,,,,,,,
27.308,0,0,,,27.308,0,,,,,,,,,,,,,,,,,
27.38,0,0,,,27.38,0,,,,,,,,,,,,,,,,,
27.451,0,0,,,27.451,0,,,,,,,,,,,,,,,,,
27.527,0,0,,,27.527,0,,,,,,,,,,,,,,,,,
27.6,0,0,,,27.6,0,,,,,,,,,,,,,,,,,
27.672,0,0,,,27.672,0,,,,,,,,,,,,,,,,,
27.742,0,0,,,27.742,0,,,,,,,,,,,,,,,,,
27.812,0,0,,,27.812,0,,,,,,,,,,,,,,,,,
27.88,0,0,,,27.88,0,,,,,,,,,,,,,,,,,
27.949,0,0,,,27.949,0,,,,,,,,,,,,,,,,,
28.02,0,0,,,28.02,0,,,,,,,,,,,,,,,,,
28.084,0,0,,,28.084,0,,,,,,,,,,,,,,,,,
28.262,0,0,,,28.262,0,,,,,,,,,,,,,,,,,
28.33,0,0,,,28.33,0,,,,,,,,,,,,,,,,,
28.399,0,0,,,28.399,0,,,,,,,,,,,,,,,,,
28.472,0,0,,,28.472,0,,,,,,,,,,,,,,,,,
28.547,0,0,,,28.547,0,,,,,,,,,,,,,,,,,
28.879,0,0,,,28.879,0,,,,,,,,,,,,,,,,,
28.947,0,0,,,28.947,0,,,,,,,,,,,,,,,,,
29.022,0,0,,,29.022,0,,,,,,,,,,,,,,,,,
29.089,0,0,,,29.089,0,,,,,,,,,,,,,,,,,
29.159,0,0,,,29.159,0,,,,,,,,,,,,,,,,,
29.23,0,0,,,29.23,0,,,,,,,,,,,,,,,,,
29.3,0,0,,,29.3,0,,,,,,,,,,,,,,,,,
29.39,0,0,,,29.39,0,,,,,,,,,,,,,,,,,
29.461,0,0,,,29.461,0,,,,,,,,,,,,,,,,,
29.529,0,0,,,29.529,0,,,,,,,,,,,,,,,,,
29.6,0,0,,,29.6,0,,,,,,,,,,,,,,,,,
29.672,0,0,,,29.672,0,,,,,,,,,,,,,,,,,
29.742,0,0,,,29.742,0,,,,,,,,,,,,,,,,,
29.808,0,0,,,29.808,0,,,,,,,,,,,,,,,,,
29.884,0,0,,,29.884,0,,,,,,,,,,,,,,,,,
29.957,0,0,,,29.957,0,,,,,,,,,,,,,,,,,
30.025,0,0,,,30.025,0,,,,,,,,,,,,,,,,,
30.1,0,0,,,30.1,0,,,,,,,,,,,,,,,,,
30.168,0,0,,,30.168,0,,,,,,,,,,,,,,,,,
30.237,0,0,,,30.237,0,,,,,,,,,,,,,,,,,
30.306,0,0,,,30.306,0,,,,,,,,,,,,,,,,,
30.372,0,0,,,30.372,0,,,,,,,,,,,,,,,,,
30.444,0,0,,,30.444,0,,,,,,,,,,,,,,,,,
30.514,0,0,,,30.514,0,,,,,,,,,,,,,,,,,
30.585,0,0,,,30.585,0,,,,,,,,,,,,,,,,,
30.666,0,0,,,30.666,0,,,,,,,,,,,,,,,,,
30.732,0,0,,,30.732,0,,,,,,,,,,,,,,,,,
30.801,0,0,,,30.801,0,,,,,,,,,,,,,,,,,
30.883,0,0,,,30.883,0,,,,,,,,,,,,,,,,,
30.956,0,0,,,30.956,0,,,,,,,,,,,,,,,,,
31.335,0,0,,,31.335,0,,,,,,,,,,,,,,,,,
31.399,0,0,,,31.399,0,,,,,,,,,,,,,,,,,
31.469,0,0,,,31.469,0,,,,,,,,,,,,,,,,,
31.538,0,0,,,31.538,0,,,,,,,,,,,,,,,,,
31.612,0,0,,,31.612,0,,,,,,,,,,,,,,,,,
31.677,0,0,,,31.677,0,,,,,,,,,,,,,,,,,
31.748,0,0,,,31.748,0,,,,,,,,,,,,,,,,,
31.82,0,0,,,31.82,0,,,,,,,,,,,,,,,,,
31.896,0,0,,,31.896,0,,,,,,,,,,,,,,,,,
31.961,0,0,,,31.961,0,,,,,,,,,,,,,,,,,
32.029,0,0,,,32.029,0,,,,,,,,,,,,,,,,,
32.101,0,0,,,32.101,0,,,,,,,,,,,,,,,,,
32.169,0,0,,,32.169,0,,,,,,,,,,,,,,,,,
32.239,0,0,,,32.239,0,,,,,,,,,,,,,,,,,
32.316,0,0,,,32.316,0,,,,,,,,,,,,,,,,,
32.388,0,0,,,32.388,0,,,,,,,,,,,,,,,,,
32.46,0,0,,,32.46,0,,,,,,,,,,,,,,,,,
32.566,0,0,,,32.566,0,,,,,,,,,,,,,,,,,
32.633,0,0,,,32.633,0,,,,,,,,,,,,,,,,,
32.704,0,0,,,32.704,0,,,,,,,,,,,,,,,,,
32.777,0,0,,,32.777,0,,,,,,,,,,,,,,,,,
32.845,0,0,,,32.845,0,,,,,,,,,,,,,,,,,
32.918,0,0,,,32.918,0,,,,,,,,,,,,,,,,,
32.985,0,0,,,32.985,0,,,,,,,,,,,,,,,,,
33.06,0,0,,,33.06,0,,,,,,,,,,,,,,,,,
33.129,0,0,,,33.129,0,,,,,,,,,,,,,,,,,
33.201,0,0,,,33.201,0,,,,,,,,,,,,,,,,,
33.272,0,0,,,33.272,0,,,,,,,,,,,,,,,,,
33.341,0,0,,,33.341,0,,,,,,,,,,,,,,,,,
33.413,0,0,,,33.413,0,,,,,,,,,,,,,,,,,
33.485,0,0,,,33.485,0,,,,,,,,,,,,,,,,,
33.556,0,0,,,33.556,0,,,,,,,,,,,,,,,,,
33.628,0,0,,,33.628,0,,,,,,,,,,,,,,,,,
33.701,0,0,,,33.701,0,,,,,,,,,,,,,,,,,
33.773,0,0,,,33.773,0,,,,,,,,,,,,,,,,,
33.841,0,0,,,33.841,0,,,,,,,,,,,,,,,,,
33.909,0,0,,,33.909,0,,,,,,,,,,,,,,,,,
33.981,0,0,,,33.981,0,,,,,,,,,,,,,,,,,
34.099,0,0,,,34.099,0,,,,,,,,,,,,,,,,,
34.173,0,0,,,34.173,0,,,,,,,,,,,,,,,,,
34.241,0,0,,,34.241,0,,,,,,,,,,,,,,,,,
34.312,0,0,,,34.312,0,,,,,,,,,,,,,,,,,
34.384,0,0,,,34.384,0,,,,,,,,,,,,,,,,,
34.458,0,0,,,34.458,0,,,,,,,,,,,,,,,,,
34.533,0,0,,,34.533,0,,,,,,,,,,,,,,,,,
34.601,0,0,,,34.601,0,,,,,,,,,,,,,,,,,
34.673,0,0,,,34.673,0,,,,,,,,,,,,,,,,,
34.742,0,0,,,34.742,0,,,,,,,,,,,,,,,,,
34.817,0,0,,,34.817,0,,,,,,,,,,,,,,,,,
34.889,0,0,,,34.889,0,,,,,,,,,,,,,,,,,
34.956,0,0,,,34.956,0,,,,,,,,,,,,,,,,,
35.33,0,0,,,35.33,0,,,,,,,,,,,,,,,,,
35.397,0,0,,,35.397,0,,,,,,,,,,,,,,,,,
35.461,0,0,,,35.461,0,,,,,,,,,,,,,,,,,
35.645,0,0,,,35.645,0,,,,,,,,,,,,,,,,,
35.706,0,0,,,35.706,0,,,,,,,,,,,,,,,,,
35.78,0,0,,,35.78,0,,,,,,,,,,,,,,,,,
35.845,0,0,,,35.845,0,,,,,,,,,,,,,,,,,
35.918,0,0,,,35.918,0,,,,,,,,,,,,,,,,,
35.99,0,0,,,35.99,0,,,,,,,,,,,,,,,,,
36.059,0,0,,,36.059,0,,,,,,,,,,,,,,,,,
36.129,0,0,,,36.129,0,,,,,,,,,,,,,,,,,
36.202,0,0,,,36.202,0,,,,,,,,,,,,,,,,,
36.274,0,0,,,36.274,0,,,,,,,,,,,,,,,,,
36.346,0,0,,,36.346,0,,,,,,,,,,,,,,,,,
36.413,0,0,,,36.413,0,,,,,,,,,,,,,,,,,
36.487,0,0,,,36.487,0,,,,,,,,,,,,,,,,,
36.559,0,0,,,36.559,0,,,,,,,,,,,,,,,,,
36.625,0,0,,,36.625,0,,,,,,,,,,,,,,,,,
36.693,0,0,,,36.693,0,,,,,,,,,,,,,,,,,
36.863,0,0,,,36.863,0,,,,,,,,,,,,,,,,,
36.925,0,0,,,36.925,0,,,,,,,,,,,,,,,,,
36.999,0,0,,,36.999,0,,,,,,,,,,,,,,,,,
37.069,0,0,,,37.069,0,,,,,,,,,,,,,,,,,
37.137,0,0,,,37.137,0,,,,,,,,,,,,,,,,,
37.207,0,0,,,37.207,0,,,,,,,,,,,,,,,,,
37.277,0,0,,,37.277,0,,,,,,,,,,,,,,,,,
37.35,0,0,,,37.35,0,,,,,,,,,,,,,,,,,
37.419,0,0,,,37.419,0,,,,,,,,,,,,,,,,,
37.486,0,0,,,37.486,0,,,,,,,,,,,,,,,,,
37.566,0,0,,,37.566,0,,,,,,,,,,,,,,,,,
37.634,0,0,,,37.634,0,,,,,,,,,,,,,,,,,
37.705,0,0,,,37.705,0,,,,,,,,,,,,,,,,,
37.773,0,0,,,37.773,0,,,,,,,,,,,,,,,,,
37.85,0,0,,,37.85,0,,,,,,,,,,,,,,,,,
37.923,0,0,,,37.923,0,,,,,,,,,,,,,,,,,
37.993,0,0,,,37.993,0,,,,,,,,,,,,,,,,,
38.067,0,0,,,38.067,0,,,,,,,,,,,,,,,,,
38.136,0,0,,,38.136,0,,,,,,,,,,,,,,,,,
38.202,0,0,,,38.202,0,,,,,,,,,,,,,,,,,
38.27,0,0,,,38.27,0,,,,,,,,,,,,,,,,,
38.342,0,0,,,38.342,0,,,,,,,,,,,,,,,,,
38.412,0,0,,,38.412,0,,,,,,,,,,,,,,,,,
38.482,0,0,,,38.482,0,,,,,,,,,,,,,,,,,
38.561,0,0,,,38.561,0,,,,,,,,,,,,,,,,,
38.636,0,0,,,38.636,0,,,,,,,,,,,,,,,,,
38.708,0,0,,,38.708,0,,,,,,,,,,,,,,,,,
38.788,0,0,,,38.788,0,,,,,,,,,,,,,,,,,
38.857,0,0,,,38.857,0,,,,,,,,,,,,,,,,,
38.932,0,0,,,38.932,0,,,,,,,,,,,,,,,,,
39.001,0,0,,,39.001,0,,,,,,,,,,,,,,,,,
39.075,0,0,,,39.075,0,,,,,,,,,,,,,,,,,
39.142,0,0,,,39.142,0,,,,,,,,,,,,,,,,,
39.21,0,0,,,39.21,0,,,,,,,,,,,,,,,,,
39.278,0,0,,,39.278,0,,,,,,,,,,,,,,,,,
39.349,0,0,,,39.349,0,,,,,,,,,,,,,,,,,
39.422,0,0,,,39.422,0,,,,,,,,,,,,,,,,,
39.49,0,0,,,39.49,0,,,,,,,,,,,,,,,,,
39.558,0,0,,,39.558,0,,,,,,,,,,,,,,,,,
39.639,0,0,,,39.639,0,,,,,,,,,,,,,,,,,
39.717,0,0,,,39.717,0,,,,,,,,,,,,,,,,,
39.79,0,0,,,39.79,0,,,,,,,,,,,,,,,,,
39.861,0,0,,,39.861,0,,,,,,,,,,,,,,,,,
39.93,0,0,,,39.93,0,,,,,,,,,,,,,,,,,
40.001,0,0,,,40.001,0,,,,,,,,,,,,,,,,,
40.243,0,0,,,40.243,0,,,,,,,,,,,,,,,,,
40.314,0,0,,,40.314,0,,,,,,,,,,,,,,,,,
40.389,0,0,,,40.389,0,,,,,,,,,,,,,,,,,
40.463,0,0,,,40.463,0,,,,,,,,,,,,,,,,,
40.535,0,0,,,40.535,0,,,,,,,,,,,,,,,,,
40.602,0,0,,,40.602,0,,,,,,,,,,,,,,,,,
40.67,0,0,,,40.67,0,,,,,,,,,,,,,,,,,
40.739,0,0,,,40.739,0,,,,,,,,,,,,,,,,,
40.81,0,0,,,40.81,0,,,,,,,,,,,,,,,,,
40.881,0,0,,,40.881,0,,,,,,,,,,,,,,,,,
40.95,0,0,,,40.95,0,,,,,,,,,,,,,,,,,
41.013,0,0,,,41.013,0,,,,,,,,,,,,,,,,,
41.114,0,0,,,41.114,0,,,,,,,,,,,,,,,,,
41.182,0,0,,,41.182,0,,,,,,,,,,,,,,,,,
41.252,0,0,,,41.252,0,,,,,,,,,,,,,,,,,
41.318,0,0,,,41.318,0,,,,,,,,,,,,,,,,,
41.386,0,0,,,41.386,0,,,,,,,,,,,,,,,,,
41.458,0,0,,,41.458,0,,,,,,,,,,,,,,,,,
41.531,0,0,,,41.531,0,,,,,,,,,,,,,,,,,
41.602,0,0,,,41.602,0,,,,,,,,,,,,,,,,,
41.675,0,0,,,41.675,0,,,,,,,,,,,,,,,,,
41.779,0,0,,,41.779,0,,,,,,,,,,,,,,,,,
41.853,0,0,,,41.853,0,,,,,,,,,,,,,,,,,
42.089,0,0,,,42.089,0,,,,,,,,,,,,,,,,,
42.162,0,0,,,42.162,0,,,,,,,,,,,,,,,,,
42.401,0,0,,,42.401,0,,,,,,,,,,,,,,,,,
42.48,0,0,,,42.48,0,,,,,,,,,,,,,,,,,
42.549,0,0,,,42.549,0,,,,,,,,,,,,,,,,,
42.623,0,0,,,42.623,0,,,,,,,,,,,,,,,,,
42.696,0,0,,,42.696,0,,,,,,,,,,,,,,,,,
42.765,0,0,,,42.765,0,,,,,,,,,,,,,,,,,
42.834,0,0,,,42.834,0,,,,,,,,,,,,,,,,,
42.905,0,0,,,42.905,0,,,,,,,,,,,,,,,,,
42.975,0,0,,,42.975,0,,,,,,,,,,,,,,,,,
43.039,0,0,,,43.039,0,,,,,,,,,,,,,,,,,
43.114,0,0,,,43.114,0,,,,,,,,,,,,,,,,,
43.186,0,0,,,43.186,0,,,,,,,,,,,,,,,,,
43.26,0,0,,,43.26,0,,,,,,,,,,,,,,,,,
43.336,0,0,,,43.336,0,,,,,,,,,,,,,,,,,
43.419,0,0,,,43.419,0,,,,,,,,,,,,,,,,,
43.49,0,0,,,43.49,0,,,,,,,,,,,,,,,,,
43.559,0,0,,,43.559,0,,,,,,,,,,,,,,,,,
43.63,0,0,,,43.63,0,,,,,,,,,,,,,,,,,
43.94,0,0,,,43.94,0,,,,,,,,,,,,,,,,,
44.006,0,0,,,44.006,0,,,,,,,,,,,,,,,,,
44.118,0,0,,,44.118,0,,,,,,,,,,,,,,,,,
44.193,0,0,,,44.193,0,,,,,,,,,,,,,,,,,
44.267,0,0,,,44.267,0,,,,,,,,,,,,,,,,,
44.339,0,0,,,44.339,0,,,,,,,,,,,,,,,,,
44.41,0,0,,,44.41,0,,,,,,,,,,,,,,,,,
44.482,0,0,,,44.482,0,,,,,,,,,,,,,,,,,
44.554,0,0,,,44.554,0,,,,,,,,,,,,,,,,,
44.623,0,0,,,44.623,0,,,,,,,,,,,,,,,,,
44.698,0,0,,,44.698,0,,,,,,,,,,,,,,,,,
44.771,0,0,,,44.771,0,,,,,,,,,,,,,,,,,
44.839,0,0,,,44.839,0,,,,,,,,,,,,,,,,,
44.907,0,0,,,44.907,0,,,,,,,,,,,,,,,,,
44.978,0,0,,,44.978,0,,,,,,,,,,,,,,,,,
45.05,0,0,,,45.05,0,,,,,,,,,,,,,,,,,
45.12,0,0,,,45.12,0,,,,,,,,,,,,,,,,,
45.193,0,0,,,45.193,0,,,,,,,,,,,,,,,,,
45.267,0,0,,,45.267,0,,,,,,,,,,,,,,,,,
45.34,0,0,,,45.34,0,,,,,,,,,,,,,,,,,
45.403,0,0,,,45.403,0,,,,,,,,,,,,,,,,,
45.471,0,0,,,45.471,0,,,,,,,,,,,,,,,,,
45.542,0,0,,,45.542,0,,,,,,,,,,,,,,,,,
45.611,0,0,,,45.611,0,,,,,,,,,,,,,,,,,
45.675,0,0,,,45.675,0,,,,,,,,,,,,,,,,,
45.747,0,0,,,45.747,0,,,,,,,,,,,,,,,,,
45.817,0,0,,,45.817,0,,,,,,,,,,,,,,,,,
45.883,0,0,,,45.883,0,,,,,,,,,,,,,,,,,
45.958,0,0,,,45.958,0,,,,,,,,,,,,,,,,,
46.027,0,0,,,46.027,0,,,,,,,,,,,,,,,,,
46.099,0,0,,,46.099,0,,,,,,,,,,,,,,,,,
46.171,0,0,,,46.171,0,,,,,,,,,,,,,,,,,
46.246,0,0,,,46.246,0,,,,,,,,,,,,,,,,,
46.318,0,0,,,46.318,0,,,,,,,,,,,,,,,,,
46.696,0,0,,,46.696,0,,,,,,,,,,,,,,,,,
46.77,0,0,,,46.77,0,,,,,,,,,,,,,,,,,
46.838,0,0,,,46.838,0,,,,,,,,,,,,,,,,,
46.915,0,0,,,46.915,0,,,,,,,,,,,,,,,,,
46.984,-0.00176714872941375,-0.00117809919174761,,,46.984,-0.000176714872941375,,,,,,,,,,,,,,,,,
47.064,-0.000589049595873803,-0.000589049595873803,,,47.064,-0.000217948345234618,,,,,,,,,,,,,,,,,
47.139,-0.00235619838349521,-0.00117809919174761,,,47.139,-0.000431773349060677,,,,,,,,,,,,,,,,,
47.218,-0.00117809919174761,-0.00117809919174761,,,47.218,-0.00050640593332937,,,,,,,,,,,,,Fourier Transform,,,,
47.286,-0.00117809919174761,0,,,47.286,-0.000573575259171194,,,,,,,,,,,,,Input data range : $B$314:$B$806,,,,
47.355,-0.00176714872941375,-0.00117809919174761,,,47.355,-0.000692932606195449,,,,,,,,,,,,,Real,Imaginary,,,
47.423,-0.00176714872941375,-0.000589049595873803,,,47.423,-0.000800354218517279,,,,,,,,,,,,,-0.759284917148762,-2.63934262867019E-16,0.759284917148762,0.4567,1
47.495,-0.00235619838349521,-0.00117809919174761,,,47.495,-0.000955938635015072,,,,,,,,,,,,,0.000815166975953852,-0.0132490765765879,0.0132741300027903,0.9134,2
47.563,-0.00176714872941375,-0.00117809919174761,,,47.563,-0.00103705964445494,,,,,,,,,,,,,-0.00583711565364313,0.0114702737590569,0.0128700854411194,1.3701,3
47.638,-0.00176714872941375,-0.00117809919174761,,,47.638,-0.00111006855295082,,,,,,,,,,,,,-0.0141580112081495,-0.000638550921848138,0.0141724037710573,1.8268,4
47.714,-0.00117809919174761,0,,,47.714,-0.0011168716168305,,,,,,,,,,,,,0.00834093919119978,0.00356848759820837,0.00907223072512265,2.2835,5
47.79,-0.00117809919174761,-0.00117809919174761,,,47.79,-0.00112299437432221,,,,,,,,,,,,,-0.00722891624055429,0.000832930094035854,0.00727674395279235,2.7402,6
47.924,-0.00117809919174761,-0.000589049595873803,,,47.924,-0.00112850485606475,,,,,,,,,,,,,0.00649381399178596,0.0117585127055453,0.013432506884658,3.1969,7
47.988,-0.00117809919174761,0,,,47.988,-0.00113346428963303,,,,,,,,,,,,,0.0082854946362085,-0.00882478477627179,0.0121048026714258,3.6536,8
48.051,-0.00117809919174761,-0.00117809919174761,,,48.051,-0.00113792777984449,,,,,,,,,,,,,0.00353092663406154,-0.0204393408964286,0.0207420852176328,4.1103,9
48.121,-0.00176714872941375,-0.00117809919174761,,,48.121,-0.00120084987480142,,,,,,,,,,,,,-0.0110061814708,0.00677913043023643,0.0129264318339726,4.567,10
48.197,-0.00117809919174761,-0.00117809919174761,,,48.197,-0.00119857480649604,,,,,,,,,,,,,0.0138501719756236,-0.00899767425434259,0.0165162164475284,5.0237,11
48.262,-0.00117809919174761,-0.000589049595873803,,,48.262,-0.00119652724502119,,,,,,,,,,,,,0.00954732407282864,-0.00214401352750468,0.0097851004572123,5.4804,12
48.334,-0.00176714872941375,-0.00117809919174761,,,48.334,-0.00125358939346045,,,,,,,,,,,,,-0.00410668912904361,-0.00455189009184937,0.00613062794588624,5.9371,13
48.41,-0.0035342974588275,-0.00235619838349521,,,48.41,-0.00148166019999715,,,,,,,,,,,,,-0.00978709356774492,0.000114288100977429,0.00978776084065293,6.3938,14
48.483,-0.00176714872941375,-0.00117809919174761,,,48.483,-0.00151020905293881,,,,,,,,,,,,,0.00719819442227453,-0.00154714965527796,0.00736258616225921,6.8505,15
48.551,-0.00235619838349521,-0.00117809919174761,,,48.551,-0.00159480798599445,,,,,,,,,,,,,0.00437979250889358,-0.00631453520774104,0.00768478609401468,7.3072,16
48.623,-0.00176714872941375,-0.00117809919174761,,,48.623,-0.00161204206033638,,,,,,,,,,,,,-0.00692596002304787,-0.00385637432756402,0.00792720286072913,7.7639,17
48.702,-0.00117809919174761,-0.00117809919174761,,,48.702,-0.0015686477734775,,,,,,,,,,,,,-0.000523420183896792,0.0135821688860667,0.013592250745868,8.2206,18
48.775,-0.00117809919174761,-0.00117809919174761,,,48.775,-0.00152959291530451,,,,,,,,,,,,,0.00170204309099413,0.00223420016553521,0.00280866535266813,8.6773,19
48.852,-0.00235619838349521,-0.00117809919174761,,,48.852,-0.00161225346212358,,,,,,,,,,,,,-0.00966889403776073,-0.00109202281979639,0.00973036616743692,9.134,20
48.931,-0.00176714872941375,-0.00117809919174761,,,48.931,-0.0016277429888526,,,,,,,,,,,,,-0.00091477422817347,-0.0172250357712127,0.0172493092385778,9.5907,21
49.005,-0.000589049595873803,0,,,49.005,-0.00152387364955472,,,,,,,,,,,,,-0.0122892511022779,-0.0208933756407631,0.0242396129985789,10.0474,22
49.079,-0.000589049595873803,0,,,49.079,-0.00143039124418663,,,,,,,,,,,,,0.0103091925029331,-0.000755739266575634,0.0103368559969449,10.5041,23
49.163,-0.00117809919174761,-0.000589049595873803,,,49.163,-0.00140516203894273,,,,,,,,,,,,,0.00738451219645995,-0.00081919883101614,0.00742981205040908,10.9608,24
49.235,-0.00176714872941375,-0.00117809919174761,,,49.235,-0.00144136070798983,,,,,,,,,,,,,-0.00117033623410008,-0.00376606260327059,0.00394371835107438,11.4175,25
49.306,-0.00176714872941375,-0.00117809919174761,,,49.306,-0.00147393951013222,,,,,,,,,,,,,-0.00819764422889677,0.0116381105049088,0.0142354131316247,11.8742,26
49.383,-0.00117809919174761,-0.00117809919174761,,,49.383,-0.00144435547829376,,,,,,,,,,,,,-0.00473801975271059,-0.0156019562111899,0.0163055165141422,12.3309,27
49.458,-0.00117809919174761,-0.000589049595873803,,,49.458,-0.00141772984963914,,,,,,,,,,,,,0.0124389103279688,-0.0166029712779758,0.0207457259551104,12.7876,28
49.531,-0.00235619838349521,-0.00117809919174761,,,49.531,-0.00151157670302475,,,,,,,,,,,,,-0.0135800679703963,0.00413837008300589,0.0141966317492743,13.2443,29
49.599,-0.00117809919174761,0,,,49.599,-0.00147822895189704,,,,,,,,,,,,,0.00281792069629404,-0.00859861841837425,0.00904858639542151,13.701,30
49.666,-0.00117809919174761,-0.000589049595873803,,,49.666,-0.00144821597588209,,,,,,,,,,,,,-0.000410875615305159,0.0124797045905822,0.0124864664913437,14.1577,31
49.743,-0.00176714872941375,-0.000589049595873803,,,49.743,-0.00148010925123526,,,,,,,,,,,,,0.0170644325818742,-0.000561334405553357,0.0170736626315559,14.6144,32
49.812,-0.00117809919174761,-0.000589049595873803,,,49.812,-0.00144990824528649,,,,,,,,,,,,,0.00499027615746469,-0.0234769460197456,0.0240014551755057,15.0711,33
50.083,-0.00117809919174761,-0.00117809919174761,,,50.083,-0.00142272733993261,,,,,,,,,,,,,0.0026348122052694,0.0072028921384833,0.00766967342953148,15.5278,34
50.155,-0.00235619838349521,-0.00117809919174761,,,50.155,-0.00151607444428887,,,,,,,,,,,,,0.0137004625999968,0.0127455039834092,0.0187123100456627,15.9845,35
50.231,-0.00117809919174761,-0.000589049595873803,,,50.231,-0.00148227691903474,,,,,,,,,,,,,-0.00427336005765806,-0.0101561384124043,0.0110185640459318,16.4412,36
50.307,-0.00235619838349521,-0.00117809919174761,,,50.307,-0.00156966906548079,,,,,,,,,,,,,0.00448981370787705,0.00177394621171149,0.0048275575909031,16.8979,37
50.383,-0.00176714872941375,-0.00117809919174761,,,50.383,-0.00158941703187408,,,,,,,,,,,,,-0.00226985496489335,-0.00188423246146172,0.0029500124627664,17.3546,38
50.455,-0.00117809919174761,0,,,50.455,-0.00154828524786144,,,,,,,,,,,,,-0.0100824582656057,0.00656905143318694,0.0120336362505078,17.8113,39
50.53,-0.00176714872941375,-0.00117809919174761,,,50.53,-0.00157017159601667,,,,,,,,,,,,,-0.0123227368452531,0.00820767096197022,0.014805934822811,18.268,40
50.605,-0.00117809919174761,0,,,50.605,-0.00153096435558976,,,,,,,,,,,,,0.00692377989435444,-0.0119054760040701,0.0137724030912894,18.7247,41
50.679,-0.00176714872941375,-0.00117809919174761,,,50.679,-0.00155458279297216,,,,,,,,,,,,,-0.0227712486305102,-0.00733368237705484,0.0239230571081549,19.1814,42
50.754,-0.00176714872941375,-0.00117809919174761,,,50.754,-0.00157583938661632,,,,,,,,,,,,,-0.00288055590870395,0.00275448500067617,0.00398557272698909,19.6381,43
50.834,-0.00176714872941375,-0.00117809919174761,,,50.834,-0.00159497032089606,,,,,,,,,,,,,0.0207405610058431,0.00391078795412872,0.0211060449459215,20.0948,44
50.915,-0.00235619838349521,-0.00117809919174761,,,50.915,-0.00167109312715598,,,,,,,,,,,,,0.0288860892768483,-0.00124004598518317,0.0289126938861708,20.5515,45
50.994,-0.00117809919174761,-0.00117809919174761,,,50.994,-0.00162179373361514,,,,,,,,,,,,,-0.0018334760454118,-0.0103873750127049,0.0105479473862769,21.0082,46
51.076,-0.00176714872941375,-0.00117809919174761,,,51.076,-0.001636329233195,,,,,,,,,,,,,-0.01334314564083,-0.00658593290432236,0.0148799881657425,21.4649,47
51.157,-0.00176714872941375,-0.00117809919174761,,,51.157,-0.00164941118281687,,,,,,,,,,,,,0.00391405463946261,0.013887303499939,0.0144283409378943,21.9216,48
51.239,-0.000589049595873803,0,,,51.239,-0.00154337502412257,,,,,,,,,,,,,-0.004513386264272,-0.00108999198854969,0.00464313882041251,22.3783,49
51.612,-0.00235619838349521,-0.00117809919174761,,,51.612,-0.00162465736005983,,,,,,,,,,,,,0.00374972542333666,0.00123404625630875,0.00394757025436241,22.835,50
51.688,-0.00176714872941375,-0.00117809919174761,,,51.688,-0.00163890649699522,,,,,,,,,,,,,-0.0144452101893746,0.000434757126492776,0.0144517511455964,23.2917,51
51.764,-0.00235619838349521,-0.00117809919174761,,,51.764,-0.00171063568564522,,,,,,,,,,,,,-0.0237596407539216,-0.00224236982480614,0.0238652205350509,23.7484,52
51.837,-0.000589049595873803,-0.000589049595873803,,,51.837,-0.00159847707666808,,,,,,,,,,,,,-0.00611856924230779,-0.0102354072313281,0.0119247830489296,24.2051,53
51.908,-0.00117809919174761,-0.000589049595873803,,,51.908,-0.00155643928817603,,,,,,,,,,,,,0.00755386160701248,0.00451977900493927,0.00880279656878353,24.6618,54
51.983,-0.00176714872941375,-0.00117809919174761,,,51.983,-0.0015775102322998,,,,,,,,,,,,,0.00164835678192625,-0.0164989925207487,0.0165811288602509,25.1185,55
52.059,-0.00235619838349521,-0.00176714872941375,,,52.059,-0.00165537904741935,,,,,,,,,,,,,-0.0022377857031377,0.000422919053112194,0.00227739881853241,25.5752,56
52.132,-0.0035342974588275,-0.00117809919174761,,,52.132,-0.00184327088856016,,,,,,,,,,,,,0.00760531139458075,-0.0077915402049867,0.0108880145193908,26.0319,57
52.206,-0.00176714872941375,-0.00117809919174761,,,52.206,-0.00183565867264552,,,,,,,,,,,,,-0.00963531074126521,-0.0014125735673294,0.00973830463498952,26.4886,58
52.279,-0.000589049595873803,-0.00117809919174761,,,52.279,-0.00171099776496835,,,,,,,,,,,,,0.00241545023746701,0.010595133029602,0.0108669795143196,26.9453,59
52.36,-0.00176714872941375,-0.000589049595873803,,,52.36,-0.00171661286141289,,,,,,,,,,,,,0.00757981299607703,0.00069418095610725,0.00761153415911144,27.402,60
52.431,-0.00235619838349521,-0.00117809919174761,,,52.431,-0.00178057141362112,,,,,,,,,,,,,0.00839916460926309,0.00280447069302816,0.00885499983069178,27.8587,61
52.507,-0.000589049595873803,-0.000589049595873803,,,52.507,-0.00166141923184639,,,,,,,,,,,,,0.0123785540745895,-0.0043711269754303,0.0131276559984207,28.3154,62
52.576,-0.00235619838349521,-0.00117809919174761,,,52.576,-0.00173089714701127,,,,,,,,,,,,,-0.00729355908857183,-0.00683404982190664,0.00999501081274007,28.7721,63
52.653,0,0,,,52.653,-0.00155780743231014,,,,,,,,,,,,,-0.000335813159701392,-0.00936800905291712,0.00937402603440836,29.2288,64
52.725,-0.00176714872941375,-0.00117809919174761,,,52.725,-0.0015787415620205,,,,,,,,,,,,,-0.0060938925449701,0.0173860628283447,0.0184231025351538,29.6855,65
52.797,-0.00235619838349521,-0.00117809919174761,,,52.797,-0.00165648724416797,,,,,,,,,,,,,0.0150322872881373,0.0127222143682264,0.0196932577179146,30.1422,66
52.872,-0.00176714872941375,-0.00117809919174761,,,52.872,-0.00166755339269255,,,,,,,,,,,,,0.017609509624907,0.017783467413914,0.0250269163600199,30.5989,67
52.951,-0.00117809919174761,-0.000589049595873803,,,52.951,-0.00161860797259806,,,,,,,,,,,,,-0.000482056383812175,0.0140478881204722,0.0140561566227215,31.0556,68
53.024,-0.00176714872941375,-0.00117809919174761,,,53.024,-0.00163346204827963,,,,,,,,,,,,,0.00475613305151406,-0.00373150044931208,0.00604523756414259,31.5123,69
53.1,-0.00117809919174761,-0.00117809919174761,,,53.1,-0.00158792576262642,,,,,,,,,,,,,0.00727382828576324,-0.00545298007467659,0.00909085087467555,31.969,70
53.172,-0.00176714872941375,-0.000589049595873803,,,53.172,-0.00160584805930516,,,,,,,,,,,,,0.00027114712149611,-0.00527083420811317,0.00527780390038429,32.4257,71
53.244,-0.00235619838349521,-0.00117809919174761,,,53.244,-0.00168088309172416,,,,,,,,,,,,,0.00960275074210209,0.0134738819076314,0.0165456433986635,32.8824,72
53.315,-0.00176714872941375,-0.00117809919174761,,,53.315,-0.00168950965549312,,,,,,,,,,,,,0.00558649862149936,-0.00681162166128302,0.00880949240901394,33.3391,73
53.388,-0.00117809919174761,0,,,53.388,-0.00163836860911857,,,,,,,,,,,,,-0.00112414799731596,0.000314574642354351,0.00116733282549659,33.7958,74
53.459,-0.000589049595873803,0,,,53.459,-0.00153343670779409,,,,,,,,,,,,,-0.00135074387705888,0.000399678358243337,0.00140863473315836,34.2525,75
53.535,-0.000589049595873803,0,,,53.535,-0.00143899799660206,,,,,,,,,,,,,-0.00148893058602183,-0.000115768234457507,0.00149342444539411,34.7092,76
53.601,-0.00176714872941375,-0.00117809919174761,,,53.601,-0.00147181306988323,,,,,,,,,,,,,0.00992459397941965,0.0212673549407359,0.0234690850233148,35.1659,77
53.675,-0.00176714872941375,-0.000589049595873803,,,53.675,-0.00150134663583628,,,,,,,,,,,,,-0.00915946273841289,0.00709070025189682,0.0115833409566767,35.6226,78
53.747,-0.00176714872941375,-0.00117809919174761,,,53.747,-0.00152792684519403,,,,,,,,,,,,,-0.0101570744155716,0.00974532448466957,0.0140761326363088,36.0793,79
53.819,-0.00176714872941375,-0.00117809919174761,,,53.819,-0.001551849033616,,,,,,,,,,,,,-0.00976541493057227,0.00794938016001813,0.0125919011151904,36.536,80
53.895,-0.00117809919174761,-0.000589049595873803,,,53.895,-0.00151447404942916,,,,,,,,,,,,,0.0128880843014623,-0.00574848612787303,0.0141119739839595,36.9927,81
53.968,-0.00176714872941375,-0.00117809919174761,,,53.968,-0.00153974151742762,,,,,,,,,,,,,-0.00128309568091574,0.00837518917544461,0.00847290553770483,37.4494,82
54.044,-0.00176714872941375,-0.00117809919174761,,,54.044,-0.00156248223862623,,,,,,,,,,,,,-0.0073927128654578,0.00512656125519445,0.00899632334981164,37.9061,83
54.121,-0.00117809919174761,0,,,54.121,-0.00152404393393837,,,,,,,,,,,,,-0.000284845794471518,0.00538333267308021,0.00539086336273523,38.3628,84
54.375,-0.00117809919174761,0,,,54.375,-0.00148944945971929,,,,,,,,,,,,,0.0230379871679578,0.00397286601021145,0.0233780349278138,38.8195,85
54.448,-0.000589049595873803,0,,,54.448,-0.00139940947333475,,,,,,,,,,,,,0.0053643105153686,0.0111334346263053,0.0123583653402668,39.2762,86
54.683,-0.00235619838349521,-0.00117809919174761,,,54.683,-0.00149508836435079,,,,,,,,,,,,,-0.00401023678505187,0.0141658384170012,0.0147225329725822,39.7329,87
54.756,-0.00235619838349521,-0.00235619838349521,,,54.756,-0.00158119936626523,,,,,,,,,,,,,0.007526738388626,-0.00169008640658384,0.00771415470628739,40.1896,88
54.989,-0.00117809919174761,0,,,54.989,-0.00154088934881347,,,,,,,,,,,,,0.003721528274368,-0.00905495858335173,0.00978989518039573,40.6463,89
55.063,-0.00235619838349521,-0.00117809919174761,,,55.063,-0.00162242025228164,,,,,,,,,,,,,-0.0066693970915731,-0.00477258465001176,0.00820112320396491,41.103,90
55.141,-0.000589049595873803,-0.00117809919174761,,,55.141,-0.00151908318664086,,,,,,,,,,,,,-0.013644234826503,0.0126859636625048,0.0186305882367452,41.5597,91
55.216,-0.00117809919174761,-0.00117809919174761,,,55.216,-0.00148498478715154,,,,,,,,,,,,,-0.0117268851605579,0.0023474922214432,0.0119595382560804,42.0164,92
55.292,-0.00176714872941375,-0.00117809919174761,,,55.292,-0.00151320118137776,,,,,,,,,,,,,-0.00995144062369732,0.0048041529251031,0.0110503871341573,42.4731,93
55.611,-0.000589049595873803,0,,,55.611,-0.00142078602282736,,,,,,,,,,,,,-0.00455831284540647,0.00386877569757547,0.00597876587555895,42.9298,94
55.911,-0.00176714872941375,-0.00117809919174761,,,55.911,-0.001455422293486,,,,,,,,,,,,,0.0164184709126912,0.0115246932122908,0.0200595299234131,43.3865,95
55.985,-0.00176714872941375,-0.00117809919174761,,,55.985,-0.00148659493707877,,,,,,,,,,,,,0.0149672136749442,0.0160075475358336,0.0219148137866469,43.8432,96
56.227,-0.00117809919174761,-0.00117809919174761,,,56.227,-0.00145574536254566,,,,,,,,,,,,,0.0149437129451343,0.00758745264033854,0.0167595940928161,44.2999,97
56.524,-0.000589049595873803,-0.000589049595873803,,,56.524,-0.00136907578587847,,,,,,,,,,,,,0.0027150804372106,-0.00293532480694323,0.0039984738967236,44.7566,98
56.596,-0.000589049595873803,0,,,56.596,-0.00129107316687801,,,,,,,,,,,,,-0.00950267889037476,-0.00522681796572602,0.0108453000023241,45.2133,99
56.671,-0.00117809919174761,-0.000589049595873803,,,56.671,-0.00127977576936497,,,,,,,,,,,,,0.0057560604087121,-0.00857438558661124,0.010327260992956,45.67,100
56.745,-0.000589049595873803,-0.000589049595873803,,,56.745,-0.00121070315201585,,,,,,,,,,,,,-0.0088848569831908,-0.00794383545515793,0.0119182719112453,46.1267,101
56.842,-0.00176714872941375,-0.00117809919174761,,,56.842,-0.00126634770975564,,,,,,,,,,,,,-0.00341312580217102,0.00637066466009334,0.00722736438494752,46.5834,102
57.15,-0.00176714872941375,-0.00117809919174761,,,57.15,-0.00131642781172145,,,,,,,,,,,,,0.0043063636818725,-0.0139926082377767,0.0146402818776295,47.0401,103
57.454,-0.00294524780474603,-0.00117809919174761,,,57.454,-0.00147930981102391,,,,,,,,,,,,,0.00269141771934083,-0.000695722900140436,0.00277988483462204,47.4968,104
57.754,-0.00176714872941375,0,,,57.754,-0.00150809370286289,,,,,,,,,,,,,0.0095876276551796,0.0124587257833492,0.0157207650004398,47.9535,105
57.829,-0.000589049595873803,-0.000589049595873803,,,57.829,-0.00141618929216398,,,,,,,,,,,,,-0.0139221834834285,0.0109860528633009,0.0177347272451958,48.4102,106
58.069,-0.00235619838349521,-0.00117809919174761,,,58.069,-0.00151019020129711,,,,,,,,,,,,,0.0159045221142327,0.00556140961670742,0.0168488308379817,48.8669,107
58.131,-0.000589049595873803,0,,,58.131,-0.00141807614075478,,,,,,,,,,,,,-0.0056465845841052,0.00401844774048681,0.0069305006823806,49.3236,108
58.376,-0.000589049595873803,-0.00117809919174761,,,58.376,-0.00133517348626668,,,,,,,,,,,,,-0.0116457958558495,0.00606001701143293,0.0131281517090175,49.7803,109
58.688,-0.00176714872941375,-0.00117809919174761,,,58.688,-0.00137837101058139,,,,,,,,,,,,,0.00372606276072528,-0.0019931311387018,0.00422564970542122,50.237,110
58.768,-0.00176714872941375,-0.00117809919174761,,,58.768,-0.00141724878246462,,,,,,,,,,,,,0.0157929543688196,-0.00882023603395124,0.0180890566749687,50.6937,111
58.994,-0.00117809919174761,-0.000589049595873803,,,58.994,-0.00139333382339292,,,,,,,,,,,,,0.00487864582739191,-0.0155220625071181,0.0162706978825129,51.1504,112
59.299,-0.00235619838349521,-0.00117809919174761,,,59.299,-0.00148962027940315,,,,,,,,,,,,,0.00998540509584525,-0.00177352397852505,0.0101416814301444,51.6071,113
59.374,-0.00176714872941375,-0.00117809919174761,,,59.374,-0.00151737312440421,,,,,,,,,,,,,-0.0101486251825917,-0.00896649752132477,0.0135422550151981,52.0638,114
59.446,-0.00117809919174761,-0.000589049595873803,,,59.446,-0.00148344573113855,,,,,,,,,,,,,0.00944507256217336,-0.00567570671281803,0.0110192124217045,52.5205,115
59.517,-0.00117809919174761,-0.000589049595873803,,,59.517,-0.00145291107719945,,,,,,,,,,,,,-0.00270393830658306,-0.00342087746719288,0.00436046843944033,52.9772,116
59.591,-0.00117809919174761,-0.000589049595873803,,,59.591,-0.00142542988865427,,,,,,,,,,,,,-0.0014586729914548,-0.00682575910224826,0.00697987924092707,53.4339,117
59.664,-0.00117809919174761,0,,,59.664,-0.0014006968189636,,,,,,,,,,,,,0.00782144204482451,0.0174670547576339,0.0191382590004088,53.8906,118
59.737,-0.00117809919174761,0,,,59.737,-0.001378437056242,,,,,,,,,,,,,-0.00307463230106486,-0.00866466388438724,0.00919400696193754,54.3473,119
59.804,-0.00117809919174761,-0.000589049595873803,,,59.804,-0.00135840326979256,,,,,,,,,,,,,0.0172038368547074,-0.000621635336226502,0.0172150641304246,54.804,120
59.876,-0.000589049595873803,-0.000589049595873803,,,59.876,-0.00128146790240069,,,,,,,,,,,,,-0.000268406907143271,-0.00770424519128224,0.007708919265059,55.2607,121
59.947,-0.00235619838349521,-0.00176714872941375,,,59.947,-0.00138894095051014,,,,,,,,,,,,,-0.0112373773872624,0.00346969476439843,0.0117608431798851,55.7174,122
60.02,-0.00117809919174761,-0.000589049595873803,,,60.02,-0.00136785677463389,,,,,,,,,,,,,0.0175028868568433,0.00311991853712757,0.0177787777983125,56.1741,123
60.092,-0.00235619838349521,-0.00117809919174761,,,60.092,-0.00146669093552002,,,,,,,,,,,,,0.00369799394813359,-0.00568004774474054,0.0067777652381124,56.6308,124
60.165,-0.00235619838349521,-0.00117809919174761,,,60.165,-0.00155564168031754,,,,,,,,,,,,,2.11651691200063E-05,-0.00934532066391394,0.00934534463119262,57.0875,125
60.249,-0.00176714872941375,-0.00117809919174761,,,60.249,-0.00157679238522716,,,,,,,,,,,,,-0.00714061599357068,0.0068782203069685,0.00991455048697778,57.5442,126
60.324,-0.00117809919174761,-0.000589049595873803,,,60.324,-0.0015369230658792,,,,,,,,,,,,,0.00576783572090337,-0.00370041990438248,0.00685281229657423,58.0009,127
60.396,-0.00235619838349521,-0.00117809919174761,,,60.396,-0.0016188505976408,,,,,,,,,,,,,-0.0107419154420512,-0.0166767760686763,0.0198369253517009,58.4576,128
60.469,-0.000589049595873803,-0.000589049595873803,,,60.469,-0.0015158704974641,,,,,,,,,,,,,-0.00742666083655234,-0.000818019075586592,0.00747157589730599,58.9143,129
60.537,-0.000589049595873803,0,,,60.537,-0.00142318840730507,,,,,,,,,,,,,0.0121988481320046,0.00233402372938172,0.0124201273148478,59.371,130
60.609,-0.000589049595873803,-0.000589049595873803,,,60.609,-0.00133977452616195,,,,,,,,,,,,,-0.0105722601064443,0.000972442409673522,0.010616888809743,59.8277,131
60.676,-0.00176714872941375,-0.00117809919174761,,,60.676,-0.00138251194648713,,,,,,,,,,,,,0.00921731956728033,-0.000151868502083354,0.00921857060759931,60.2844,132
60.75,-0.00117809919174761,0,,,60.75,-0.00136207067101318,,,,,,,,,,,,,-0.00514789688392582,-0.029463364073876,0.0299097085388223,60.7411,133
60.82,-0.00294524780474603,-0.00117809919174761,,,60.82,-0.00152038838438646,,,,,,,,,,,,,-0.0171969615370706,0.0110394433465311,0.0204353809729291,61.1978,134
60.893,-0.00176714872941375,-0.000589049595873803,,,60.893,-0.00154506441888919,,,,,,,,,,,,,-0.00665912334583849,-0.00622920176994752,0.00911849101692865,61.6545,135
60.971,-0.00117809919174761,0,,,60.971,-0.00150836789617503,,,,,,,,,,,,,0.0166556161739511,-0.0162681709271568,0.0232822450689184,62.1112,136
61.037,-0.00471239676699042,-0.0035342974588275,,,61.037,-0.00182877078325657,,,,,,,,,,,,,-0.016934294890219,0.0022705570064963,0.0170858354360753,62.5679,137
61.112,-0.00176714872941375,-0.000589049595873803,,,61.112,-0.00182260857787229,,,,,,,,,,,,,0.00605828255740793,-0.0170972709814726,0.0181388936420968,63.0246,138
61.184,-0.00176714872941375,-0.00117809919174761,,,61.184,-0.00181706259302643,,,,,,,,,,,,,-0.000257747862142784,-0.00306151716552944,0.00307234785062997,63.4813,139
61.264,-0.00176714872941375,-0.00117809919174761,,,61.264,-0.00181207120666517,,,,,,,,,,,,,0.00131485254217385,-0.0106779951271692,0.010758643833844,63.938,140
61.336,-0.00235619838349521,-0.00176714872941375,,,61.336,-0.00186648392434817,,,,,,,,,,,,,-0.000187723114095083,-0.00651337524750006,0.00651607988612111,64.3947,141
61.405,-0.000589049595873803,0,,,61.405,-0.00173874049150073,,,,,,,,,,,,,0.0256497033642358,-0.00470212495812919,0.0260771405985233,64.8514,142
61.478,-0.000589049595873803,-0.00117809919174761,,,61.478,-0.00162377140193804,,,,,,,,,,,,,0.00957091886981281,-0.00378490471043584,0.0102921325137028,65.3081,143
61.548,-0.00176714872941375,-0.00117809919174761,,,61.548,-0.00163810913468561,,,,,,,,,,,,,0.0138578339897147,0.00102626025478251,0.0138957825615199,65.7648,144
61.621,-0.00235619838349521,-0.00117809919174761,,,61.621,-0.00170991805956657,,,,,,,,,,,,,3.04463517953457E-05,0.0035305878958082,0.00353071917183526,66.2215,145
61.694,-0.00117809919174761,0,,,61.694,-0.00165673617278467,,,,,,,,,,,,,-0.0132806123703604,0.00967963350213549,0.0164338056964123,66.6782,146
61.764,-0.000589049595873803,-0.000589049595873803,,,61.764,-0.00154996751509359,,,,,,,,,,,,,0.00642485774524822,0.00352919991048234,0.00733035122315599,67.1349,147
61.84,-0.00117809919174761,-0.00117809919174761,,,61.84,-0.00151278068275899,,,,,,,,,,,,,0.0290875336449696,0.00572521067657916,0.0296456177341349,67.5916,148
61.909,-0.00117809919174761,-0.00117809919174761,,,61.909,-0.00147931253365785,,,,,,,,,,,,,-0.0120283100507314,-0.0266419600629127,0.0292313920070591,68.0483,149
61.981,-0.00117809919174761,-0.000589049595873803,,,61.981,-0.00144919119946683,,,,,,,,,,,,,-0.00395093633080698,0.0182506607265448,0.0186734173317456,68.505,150
62.052,-0.00235619838349521,-0.00117809919174761,,,62.052,-0.00153989191786966,,,,,,,,,,,,,0.0115359115570639,-0.00633837328672773,0.0131625313437159,68.9617,151
62.125,-0.000589049595873803,-0.00117809919174761,,,62.125,-0.00144480768567008,,,,,,,,,,,,,0.00269732894631652,-0.0053317823809178,0.00597523947654841,69.4184,152
62.205,-0.000589049595873803,-0.000589049595873803,,,62.205,-0.00135923187669045,,,,,,,,,,,,,0.00563064769154954,0.0149365071271293,0.0159625636595485,69.8751,153
62.277,-0.00117809919174761,-0.000589049595873803,,,62.277,-0.00134111860819617,,,,,,,,,,,,,-0.00144156392843089,0.0151561894003283,0.0152245914131834,70.3318,154
62.35,-0.000589049595873803,-0.000589049595873803,,,62.35,-0.00126591170696393,,,,,,,,,,,,,0.00260828408740774,0.00702927455375735,0.00749758938811169,70.7885,155
62.427,-0.00176714872941375,-0.000589049595873803,,,62.427,-0.00131603540920891,,,,,,,,,,,,,0.0111254698703682,0.0167599600932083,0.020116469425881,71.2452,156
62.502,-0.00176714872941375,-0.00117809919174761,,,62.502,-0.0013611467412294,,,,,,,,,,,,,-0.0067362349855342,0.00448806860016662,0.00809441916014586,71.7019,157
62.575,-0.00117809919174761,0,,,62.575,-0.00134284198628122,,,,,,,,,,,,,-0.00957220139323672,0.00903106998684434,0.0131600632452874,72.1586,158
62.646,-0.00117809919174761,0,,,62.646,-0.00132636770682786,,,,,,,,,,,,,0.0150510327109352,0.0178131413149943,0.0233204114280516,72.6153,159
62.713,-0.00117809919174761,-0.000589049595873803,,,62.713,-0.00131154085531983,,,,,,,,,,,,,0.00404250753159314,-0.0118086129369331,0.0124813944187855,73.072,160
62.786,-0.00176714872941375,-0.00117809919174761,,,62.786,-0.00135710164272922,,,,,,,,,,,,,-0.00836972472034334,-0.00776060527103917,0.0114139951842993,73.5287,161
62.861,-0.000589049595873803,0,,,62.861,-0.00128029643804368,,,,,,,,,,,,,0.00362300176968455,-0.007968150093471,0.00875314559088441,73.9854,162
62.933,-0.00117809919174761,-0.000589049595873803,,,62.933,-0.00127007671341407,,,,,,,,,,,,,0.00608982557489614,-0.0113286879322937,0.0128617707101299,74.4421,163
63.004,-0.00117809919174761,-0.00117809919174761,,,63.004,-0.00126087896124743,,,,,,,,,,,,,0.00484373081153662,0.00329867934537735,0.00586029125541114,74.8988,164
63.074,-0.00117809919174761,0,,,63.074,-0.00125260098429744,,,,,,,,,,,,,0.00654685434200774,-0.010920720522576,0.0127327702605395,75.3555,165
63.146,-0.000589049595873803,-0.000589049595873803,,,63.146,-0.00118624584545508,,,,,,,,,,,,,-0.0118559270122753,0.0048226328153588,0.0127992496886409,75.8122,166
63.233,-0.00176714872941375,-0.00117809919174761,,,63.233,-0.00124433613385095,,,,,,,,,,,,,-0.0182953346853541,-0.00862319369647872,0.0202256950628677,76.2689,167
63.307,-0.000589049595873803,0,,,63.307,-0.00117880748005323,,,,,,,,,,,,,0.015059201483031,0.0304597629318944,0.0339790627765648,76.7256,168
63.592,-0.00176714872941375,-0.00117809919174761,,,63.592,-0.00123764160498928,,,,,,,,,,,,,0.0163059453591253,0.00620124946616472,0.0174453245597893,77.1823,169
63.669,-0.00176714872941375,-0.00117809919174761,,,63.669,-0.00129059231743173,,,,,,,,,,,,,-0.0112074960435473,-0.0117859508031307,0.0162639664258122,77.639,170
63.741,-0.00117809919174761,0,,,63.741,-0.00127934300486332,,,,,,,,,,,,,0.00557547012400688,-0.0133660438649669,0.0144822993928421,78.0957,171
63.813,-0.00176714872941375,-0.00117809919174761,,,63.813,-0.00132812357731836,,,,,,,,,,,,,-0.00849192605200038,-0.00314283733673941,0.00905484591795167,78.5524,172
64.207,-0.00176714872941375,-0.00117809919174761,,,64.207,-0.0013720260925279,,,,,,,,,,,,,-0.00168132771110815,0.00310410467333217,0.00353020235895095,79.0091,173
64.282,-0.00235619838349521,-0.000589049595873803,,,64.282,-0.00147044332162463,,,,,,,,,,,,,0.00994008565538286,-0.0113700212413082,0.0151024066249108,79.4658,174
64.353,-0.00117809919174761,-0.00117809919174761,,,64.353,-0.00144120890863693,,,,,,,,,,,,,-0.0122323801115112,0.00127558863379928,0.0122987092637875,79.9225,175
64.429,-0.000589049595873803,0,,,64.429,-0.00135599297736062,,,,,,,,,,,,,-0.00506109795603543,-0.0111781323024127,0.0122705074993183,80.3792,176
64.503,-0.00117809919174761,0,,,64.503,-0.00133820359879931,,,,,,,,,,,,,-0.0103272088506823,0.00382630142779041,0.0110132567963306,80.8359,177
64.577,-0.00176714872941375,-0.00117809919174761,,,64.577,-0.00138109811186076,,,,,,,,,,,,,-0.01424133725651,-0.00354040161662869,0.0146748127913336,81.2926,178
64.649,-0.00117809919174761,-0.000589049595873803,,,64.649,-0.00136079821984944,,,,,,,,,,,,,-0.00333711641879105,-0.00485721373532567,0.00589312067271672,81.7493,179
64.721,-0.00117809919174761,-0.00117809919174761,,,64.721,-0.00134252831703926,,,,,,,,,,,,,-0.0035978496479416,0.00951482997839213,0.0101723405176441,82.206,180
64.795,-0.0035342974588275,-0.00176714872941375,,,64.795,-0.00156170523121808,,,,,,,,,,,,,0.0233269620014182,0.00681300164089405,0.0243015256223644,82.6627,181
64.869,-0.00176714872941375,-0.00117809919174761,,,64.869,-0.00158224958103765,,,,,,,,,,,,,0.0187178937395823,-0.00339339078156501,0.0190230031026309,83.1194,182
64.947,-0.000589049595873803,-0.000589049595873803,,,64.947,-0.00148292958252126,,,,,,,,,,,,,-0.0249879036102843,0.0155050163537156,0.0294074966456829,83.5761,183
65.023,-0.00294524780474603,-0.00176714872941375,,,65.023,-0.00162916140474374,,,,,,,,,,,,,-0.0041366807017549,-0.00335560385778356,0.00532655653106614,84.0328,184
65.094,-0.00176714872941375,-0.000589049595873803,,,65.094,-0.00164296013721074,,,,,,,,,,,,,-0.018109148846966,0.00166235135165185,0.0181852875692937,84.4895,185
65.17,-0.00117809919174761,-0.00117809919174761,,,65.17,-0.00159647404266443,,,,,,,,,,,,,-0.0153483867458049,-0.01044623946849,0.0185660145085541,84.9462,186
65.241,-0.00117809919174761,-0.000589049595873803,,,65.241,-0.00155463655757275,,,,,,,,,,,,,-0.0060601928009843,0.0141888928192582,0.0154288890144916,85.4029,187
65.313,-0.00235619838349521,-0.00117809919174761,,,65.313,-0.00163479274016499,,,,,,,,,,,,,-0.0163518552082757,-0.00551040652721714,0.0172553686963684,85.8596,188
65.382,-0.00117809919174761,-0.000589049595873803,,,65.382,-0.00158912338532325,,,,,,,,,,,,,0.0177180107784033,0.00872309778080328,0.0197489326505781,86.3163,189
65.454,-0.00117809919174761,0,,,65.454,-0.00154802096596569,,,,,,,,,,,,,0.00177298593237783,-0.00777149649808297,0.00797117537983738,86.773,190
65.526,-0.00117809919174761,0,,,65.526,-0.00151102878854388,,,,,,,,,,,,,0.0183676281945846,0.0033239359793127,0.018665966781527,87.2297,191
65.596,-0.00117809919174761,-0.000589049595873803,,,65.596,-0.00147773582886425,,,,,,,,,,,,,0.0134493844574155,0.0199046432406288,0.0240225053818306,87.6864,192
65.67,-0.000589049595873803,0,,,65.67,-0.00138886720556521,,,,,,,,,,,,,-0.000597690694145602,0.00264027124380109,0.00270707709655843,88.1431,193
65.741,-0.00176714872941375,-0.00117809919174761,,,65.741,-0.00142669535795006,,,,,,,,,,,,,-0.0027320844006847,0.0117283056427874,0.0120423186481302,88.5998,194
65.814,-0.00117809919174761,0,,,65.814,-0.00140183574132982,,,,,,,,,,,,,-0.00167068096539878,-0.0031304636348191,0.00354837673550465,89.0565,195
65.885,-0.00176714872941375,-0.00117809919174761,,,65.885,-0.00143836704013821,,,,,,,,,,,,,0.0108376898002996,-0.00388184636141428,0.0115119177977062,89.5132,196
65.954,-0.00294524780474603,-0.00117809919174761,,,65.954,-0.00158905511659899,,,,,,,,,,,,,0.00129765656831797,-0.00252496893554791,0.00283890484074065,89.9699,197
66.026,-0.00117809919174761,-0.00117809919174761,,,66.026,-0.00154795952411385,,,,,,,,,,,,,0.00417738536575387,-0.0058431580541465,0.00718282984204357,90.4266,198
66.101,-0.00176714872941375,-0.00117809919174761,,,66.101,-0.00156987844464384,,,,,,,,,,,,,-0.00050955513231403,-0.0151125664456724,0.0151211544204711,90.8833,199
66.173,-0.0035342974588275,-0.00117809919174761,,,66.173,-0.00176632034606221,,,,,,,,,,,,,-0.0291495763404456,0.00828561989100612,0.0303042785396007,91.34,200
66.259,-0.00235619838349521,-0.00176714872941375,,,66.259,-0.00182530814980551,,,,,,,,,,,,,-0.0191911695027394,0.00417943675351715,0.0196409948439361,91.7967,201
66.356,-0.00176714872941375,-0.00117809919174761,,,66.356,-0.00181949220776633,,,,,,,,,,,,,-0.00154138002263236,-0.00375797049453373,0.00406179696833264,92.2534,202
66.43,-0.00117809919174761,-0.00117809919174761,,,66.43,-0.00175535290616446,,,,,,,,,,,,,0.0125551847867481,-0.00909911484972106,0.0155056943113749,92.7101,203
66.501,-0.00176714872941375,-0.00117809919174761,,,66.501,-0.00175653248848939,,,,,,,,,,,,,-0.00551911134083966,-0.00276250301922114,0.00617187272420543,93.1668,204
66.573,-0.00117809919174761,-0.00117809919174761,,,66.573,-0.00169868915881521,,,,,,,,,,,,,-0.00575689649619152,0.00260270096602099,0.00631790389182906,93.6235,205
66.673,-0.00117809919174761,0,,,66.673,-0.00164663016210845,,,,,,,,,,,,,-0.00902598924092311,-0.00511500778715384,0.0103745740365523,94.0802,206
66.749,-0.00117809919174761,-0.00117809919174761,,,66.749,-0.00159977706507237,,,,,,,,,,,,,0.00451614962424319,0.00432396375190741,0.00625238114292157,94.5369,207
66.818,-0.00235619838349521,-0.00176714872941375,,,66.818,-0.00167541919691465,,,,,,,,,,,,,0.0022767707361858,0.00145506253133597,0.00270201627590396,94.9936,208
66.894,-0.000589049595873803,-0.000589049595873803,,,66.894,-0.00156678223681057,,,,,,,,,,,,,-0.0139294346103004,0.0133852576429155,0.0193182367396681,95.4503,209
66.969,-0.00235619838349521,-0.00117809919174761,,,66.969,-0.00164572385147903,,,,,,,,,,,,,0.0165185233066574,-0.0012122561070533,0.0165629459065009,95.907,210
67.042,-0.00176714872941375,-0.000589049595873803,,,67.042,-0.0016578663392725,,,,,,,,,,,,,-0.00414943604506154,0.0087537719717132,0.00968743223072076,96.3637,211
67.113,-0.000589049595873803,0,,,67.113,-0.00155098466493263,,,,,,,,,,,,,-0.0081127566376739,-0.0171120976059685,0.0189378115086806,96.8204,212
67.185,-0.00117809919174761,-0.000589049595873803,,,67.185,-0.00151369611761413,,,,,,,,,,,,,-0.00875617155117859,0.00514689223557515,0.0101568223336973,97.2771,213
67.254,-0.00235619838349521,-0.00117809919174761,,,67.254,-0.00159794634420224,,,,,,,,,,,,,0.0152033067125744,0.00305002309069051,0.0155062302269235,97.7338,214
67.33,-0.00176714872941375,-0.00117809919174761,,,67.33,-0.00161486658272339,,,,,,,,,,,,,0.0056362198422744,-0.0019315959124317,0.00595802290020528,98.1905,215
67.399,-0.00176714872941375,-0.00117809919174761,,,67.399,-0.00163009479739242,,,,,,,,,,,,,-0.0106922126784068,-0.00717735341939293,0.0128778031537664,98.6472,216
67.47,-0.000589049595873803,-0.00117809919174761,,,67.47,-0.00152599027724056,,,,,,,,,,,,,0.0076254906670437,-0.00565696783567873,0.00949470341859473,99.1039,217
67.555,-0.00117809919174761,-0.000589049595873803,,,67.555,-0.00149120116869127,,,,,,,,,,,,,-0.0040041960535331,0.000394856195375244,0.00402361745822789,99.5606,218
67.628,-0.00176714872941375,-0.00117809919174761,,,67.628,-0.00151879592476352,,,,,,,,,,,,,-0.0153614213350278,0.00863497338213908,0.0176220325372103,100.0173,219
67.707,-0.00117809919174761,-0.000589049595873803,,,67.707,-0.00148472625146192,,,,,,,,,,,,,-0.0124889058830865,-0.00436963112680786,0.0132312677525988,100.474,220
67.779,-0.000589049595873803,-0.00117809919174761,,,67.779,-0.00139515858590311,,,,,,,,,,,,,-0.00375546514674154,-0.003401873736357,0.00506717508938719,100.9307,221
67.849,-0.00176714872941375,-0.00117809919174761,,,67.849,-0.00143235760025418,,,,,,,,,,,,,-0.00725572121656114,0.00427949551379717,0.00842375048449713,101.3874,222
67.923,-0.00117809919174761,-0.00117809919174761,,,67.923,-0.00140693175940352,,,,,,,,,,,,,0.00123268161078501,0.00219421392212046,0.0025167595613397,101.8441,223
67.998,-0.00117809919174761,-0.00117809919174761,,,67.998,-0.00138404850263793,,,,,,,,,,,,,-0.00127013370977302,-0.0144792526118342,0.0145348545172633,102.3008,224
68.07,-0.00176714872941375,-0.00117809919174761,,,68.07,-0.00142235852531551,,,,,,,,,,,,,0.000666129803644671,0.00681264565827747,0.00684513475254874,102.7575,225
68.142,-0.00176714872941375,-0.00117809919174761,,,68.142,-0.00145683754572533,,,,,,,,,,,,,0.000683625732513652,-0.00599610987026059,0.00603495465752571,103.2142,226
68.215,-0.00176714872941375,-0.000589049595873803,,,68.215,-0.00148786866409417,,,,,,,,,,,,,0.0114293702496068,-0.00710643386627076,0.0134585254243649,103.6709,227
68.285,-0.00117809919174761,-0.000589049595873803,,,68.285,-0.00145689171685952,,,,,,,,,,,,,-0.00186113463322618,-0.0180444191917428,0.0181401457020149,104.1276,228
68.355,-0.00117809919174761,-0.00117809919174761,,,68.355,-0.00142901246434833,,,,,,,,,,,,,-0.00376295058956478,-0.0201235843777391,0.0204723825029597,104.5843,229
68.43,-0.00176714872941375,-0.000589049595873803,,,68.43,-0.00146282609085487,,,,,,,,,,,,,-0.00384521063054966,0.0157658039892535,0.0162279456562084,105.041,230
68.505,-0.00176714872941375,-0.00117809919174761,,,68.505,-0.00149325835471076,,,,,,,,,,,,,-0.00296742729791029,0.000899266109487369,0.00310069416486949,105.4977,231
68.577,-0.00117809919174761,-0.000589049595873803,,,68.577,-0.00146174243841444,,,,,,,,,,,,,-0.000815863449576034,-0.00625705086613055,0.00631001733038026,105.9544,232
68.646,-0.00117809919174761,-0.000589049595873803,,,68.646,-0.00143337811374776,,,,,,,,,,,,,-0.0212082804400791,0.00223652036940912,0.0213258805817679,106.4111,233
68.719,-0.0035342974588275,-0.00176714872941375,,,68.719,-0.00164347004825573,,,,,,,,,,,,,-0.00882994576628059,-0.00520740682501722,0.010251098871667,106.8678,234
68.791,-0.00117809919174761,-0.000589049595873803,,,68.791,-0.00159693296260492,,,,,,,,,,,,,0.00181673801379066,0.00895336214865027,0.00913582129726908,107.3245,235
68.87,-0.00117809919174761,-0.000589049595873803,,,68.87,-0.00155504958551919,,,,,,,,,,,,,0.00753838064751721,-0.00258899650511228,0.0079705762458147,107.7812,236
68.946,-0.00117809919174761,0,,,68.946,-0.00151735454614203,,,,,,,,,,,,,0.00889577447382263,-0.00567107527352335,0.0105496871160752,108.2379,237
69.016,-0.000589049595873803,-0.000589049595873803,,,69.016,-0.00142452405111521,,,,,,,,,,,,,0.00789606098621556,-0.0040161024566961,0.00885871650075314,108.6946,238
69.123,-0.00117809919174761,-0.000589049595873803,,,69.123,-0.00139988156517845,,,,,,,,,,,,,-0.000678017567480367,0.002688824780067,0.00277299234036345,109.1513,239
69.198,-0.00117809919174761,-0.00117809919174761,,,69.198,-0.00137770332783536,,,,,,,,,,,,,0.00385032818724656,0.000293964255995079,0.00386153365041768,109.608,240
69.269,-0.00117809919174761,-0.00117809919174761,,,69.269,-0.00135774291422659,,,,,,,,,,,,,0.00584871720547146,-0.016376460165373,0.0173895353732533,110.0647,241
69.346,-0.00117809919174761,-0.00117809919174761,,,69.346,-0.00133977854197869,,,,,,,,,,,,,0.00356591511491827,-0.00813800213680892,0.00888497773691691,110.5214,242
69.411,-0.00235619838349521,-0.00117809919174761,,,69.411,-0.00144142052613034,,,,,,,,,,,,,0.00194622725736763,0.0176927432601475,0.017799465289913,110.9781,243
69.49,-0.00235619838349521,-0.00117809919174761,,,69.49,-0.00153289831186683,,,,,,,,,,,,,0.00591746609828471,0.00523117196558217,0.00789820012141005,111.4348,244
69.564,-0.000589049595873803,0,,,69.564,-0.00143851344026753,,,,,,,,,,,,,-0.00732244165173438,-0.00591325810974698,0.00941194842822372,111.8915,245
69.637,-0.00176714872941375,-0.00117809919174761,,,69.637,-0.00147137696918215,,,,,,,,,,,,,0.0167593674067689,0.00933329767989191,0.0191829831219376,112.3482,246
69.707,-0.00117809919174761,0,,,69.707,-0.00144204919143869,,,,,,,,,,,,,-0.00160427803309152,-0.000873064282622243,0.00182645811587638,112.8049,247
69.774,-0.00176714872941375,-0.000589049595873803,,,69.774,-0.0014745591452362,,,,,,,,,,,,,-0.00160427803309056,0.000873064282624528,0.00182645811587663,113.2616,248
70.042,-0.00176714872941375,-0.000589049595873803,,,70.042,-0.00150381810365395,,,,,,,,,,,,,0.0167593674067684,-0.00933329767988919,0.0191829831219359,113.7183,249
70.114,-0.00176714872941375,-0.000589049595873803,,,70.114,-0.00153015116622993,,,,,,,,,,,,,-0.00732244165173484,0.00591325810974999,0.00941194842822597,114.175,250
70.188,-0.00176714872941375,-0.000589049595873803,,,70.188,-0.00155385092254831,,,,,,,,,,,,,0.00591746609828245,-0.00523117196557925,0.00789820012140642,114.6317,251
70.263,-0.00117809919174761,-0.000589049595873803,,,70.263,-0.00151627574946824,,,,,,,,,,,,,0.00194622725736455,-0.0176927432601444,0.0177994652899096,115.0884,252
70.334,-0.00117809919174761,-0.00117809919174761,,,70.334,-0.00148245809369618,,,,,,,,,,,,,0.00356591511491453,0.00813800213680985,0.00888497773691626,115.5451,253
70.403,-0.00235619838349521,-0.00117809919174761,,,70.403,-0.00156983212267608,,,,,,,,,,,,,0.00584871720546902,0.0163764601653727,0.0173895353732522,116.0018,254
70.475,-0.00117809919174761,-0.00117809919174761,,,70.475,-0.00153065882958324,,,,,,,,,,,,,0.00385032818724505,-0.000293964255995413,0.0038615336504162,116.4585,255
70.549,-0.00117809919174761,-0.00117809919174761,,,70.549,-0.00149540286579967,,,,,,,,,,,,,-0.000678017567480444,-0.00268882478006762,0.00277299234036406,116.9152,256
70.623,-0.00176714872941375,-0.00117809919174761,,,70.623,-0.00152257745216108,,,,,,,,,,,,,0.0078960609862145,0.00401610245669685,0.00885871650075253,117.3719,257
70.699,-0.00176714872941375,-0.00117809919174761,,,70.699,-0.00154703457988635,,,,,,,,,,,,,0.00889577447382273,0.00567107527352404,0.0105496871160756,117.8286,258
70.774,-0.000589049595873803,0,,,70.774,-0.00145123608148509,,,,,,,,,,,,,0.00753838064751569,0.00258899650511358,0.00797057624581369,118.2853,259
70.847,-0.00176714872941375,-0.00117809919174761,,,70.847,-0.00148282734627796,,,,,,,,,,,,,0.00181673801378987,-0.00895336214865055,0.0091358212972692,118.742,260
70.918,-0.00176714872941375,-0.000589049595873803,,,70.918,-0.00151125948459154,,,,,,,,,,,,,-0.00882994576628108,0.00520740682501767,0.0102510988716677,119.1987,261
70.995,-0.00117809919174761,-0.00117809919174761,,,70.995,-0.00147794345530714,,,,,,,,,,,,,-0.0212082804400807,-0.00223652036940884,0.0213258805817694,119.6554,262
71.066,-0.00176714872941375,-0.00117809919174761,,,71.066,-0.0015068639827178,,,,,,,,,,,,,-0.000815863449575143,0.00625705086612918,0.00631001733037878,120.1121,263
71.139,-0.00117809919174761,0,,,71.139,-0.00147398750362078,,,,,,,,,,,,,-0.00296742729790807,-0.000899266109484182,0.00310069416486644,120.5688,264
71.215,-0.00117809919174761,-0.00117809919174761,,,71.215,-0.00144439867243347,,,,,,,,,,,,,-0.00384521063055127,-0.0157658039892516,0.016227945656207,121.0255,265
71.29,-0.000589049595873803,0,,,71.29,-0.0013588637647775,,,,,,,,,,,,,-0.00376295058956831,0.0201235843777411,0.0204723825029624,121.4822,266
71.361,-0.00176714872941375,-0.00117809919174761,,,71.361,-0.00139969226124113,,,,,,,,,,,,,-0.00186113463322903,0.0180444191917425,0.0181401457020149,121.9389,267
71.435,-0.00176714872941375,-0.00117809919174761,,,71.435,-0.00143643790805839,,,,,,,,,,,,,0.0114293702496027,0.0071064338662706,0.0134585254243613,122.3956,268
71.511,-0.000589049595873803,-0.00117809919174761,,,71.511,-0.00135169907683993,,,,,,,,,,,,,0.000683625732513792,0.00599610987025867,0.00603495465752383,122.8523,269
71.583,-0.00117809919174761,-0.00117809919174761,,,71.583,-0.0013343390883307,,,,,,,,,,,,,0.000666129803643882,-0.00681264565827767,0.00684513475254887,123.309,270
71.658,-0.00176714872941375,-0.00117809919174761,,,71.658,-0.001377620052439,,,,,,,,,,,,,-0.00127013370977236,0.0144792526118342,0.0145348545172633,123.7657,271
71.733,-0.00176714872941375,-0.00117809919174761,,,71.733,-0.00141657292013648,,,,,,,,,,,,,0.0012326816107832,-0.0021942139221198,0.00251675956133823,124.2224,272
71.808,-0.00117809919174761,-0.000589049595873803,,,71.808,-0.00139272554729759,,,,,,,,,,,,,-0.00725572121656298,-0.00427949551379888,0.00842375048449958,124.6791,273
71.884,-0.00117809919174761,-0.00117809919174761,,,71.884,-0.00137126291174259,,,,,,,,,,,,,-0.0037554651467419,0.00340187373635599,0.00506717508938677,125.1358,274
71.959,-0.00117809919174761,-0.00117809919174761,,,71.959,-0.00135194653974309,,,,,,,,,,,,,-0.0124889058830867,0.00436963112680665,0.0132312677525986,125.5925,275
72.034,-0.00176714872941375,-0.00117809919174761,,,72.034,-0.00139346675871016,,,,,,,,,,,,,-0.0153614213350285,-0.00863497338214039,0.0176220325372115,126.0492,276
72.11,-0.000589049595873803,0,,,72.11,-0.00131302504242652,,,,,,,,,,,,,-0.00400419605353018,-0.000394856195377511,0.00402361745822521,126.5059,277
72.184,-0.000589049595873803,0,,,72.184,-0.00124062749777125,,,,,,,,,,,,,0.00762549066704476,0.00565696783568115,0.00949470341859702,126.9626,278
72.258,-0.00235619838349521,-0.00117809919174761,,,72.258,-0.00135218458634365,,,,,,,,,,,,,-0.0106922126784098,0.00717735341939359,0.0128778031537692,127.4193,279
72.499,-0.00117809919174761,-0.00117809919174761,,,72.499,-0.00133477604688404,,,,,,,,,,,,,0.00563621984227549,0.00193159591242963,0.00595802290020564,127.876,280
72.575,-0.00235619838349521,-0.00117809919174761,,,72.575,-0.00143691828054516,,,,,,,,,,,,,0.0152033067125751,-0.00305002309068764,0.0155062302269236,128.3327,281
72.647,-0.00176714872941375,-0.00117809919174761,,,72.647,-0.00146994132543202,,,,,,,,,,,,,-0.00875617155118238,-0.00514689223557531,0.0101568223337007,128.7894,282
72.724,-0.00176714872941375,-0.00117809919174761,,,72.724,-0.00149966206583019,,,,,,,,,,,,,-0.00811275663767393,0.0171120976059656,0.018937811508678,129.2461,283
72.792,-0.00235619838349521,-0.000589049595873803,,,72.792,-0.00158531569759669,,,,,,,,,,,,,-0.00414943604505985,-0.00875377197171575,0.00968743223072235,129.7028,284
72.867,-0.00117809919174761,-0.00117809919174761,,,72.867,-0.00154459404701178,,,,,,,,,,,,,0.0165185233066585,0.00121225610705545,0.0165629459065021,130.1595,285
72.939,-0.00176714872941375,-0.00117809919174761,,,72.939,-0.00156684951525198,,,,,,,,,,,,,-0.0139294346102986,-0.0133852576429162,0.0193182367396673,130.6162,286
73.014,-0.00176714872941375,-0.00117809919174761,,,73.014,-0.00158687943666816,,,,,,,,,,,,,0.00227677073618658,-0.00145506253133474,0.00270201627590394,131.0729,287
73.087,-0.00117809919174761,0,,,73.087,-0.0015460014121761,,,,,,,,,,,,,0.00451614962424356,-0.00432396375190635,0.0062523811429211,131.5296,288
73.156,-0.00117809919174761,-0.00117809919174761,,,73.156,-0.00150921119013325,,,,,,,,,,,,,-0.00902598924092265,0.00511500778715555,0.0103745740365527,131.9863,289
73.227,-0.00176714872941375,-0.000589049595873803,,,73.227,-0.0015350049440613,,,,,,,,,,,,,-0.00575689649619044,-0.00260270096602055,0.00631790389182789,132.443,290
73.295,-0.00117809919174761,0,,,73.295,-0.00149931436882993,,,,,,,,,,,,,-0.00551911134083883,0.00276250301922346,0.00617187272420572,132.8997,291
73.372,-0.00117809919174761,-0.00117809919174761,,,73.372,-0.0014671928511217,,,,,,,,,,,,,0.0125551847867474,0.00909911484972426,0.0155056943113762,133.3564,292
73.443,-0.00176714872941375,-0.00117809919174761,,,73.443,-0.0014971884389509,,,,,,,,,,,,,-0.00154138002263547,0.00375797049453533,0.0040617969683353,133.8131,293
73.515,-0.00235619838349521,-0.00117809919174761,,,73.515,-0.00158308943340534,,,,,,,,,,,,,-0.0191911695027414,-0.00417943675351753,0.0196409948439382,134.2698,294
73.592,-0.00117809919174761,-0.00117809919174761,,,73.592,-0.00154259040923956,,,,,,,,,,,,,-0.0291495763404471,-0.00828561989100657,0.0303042785396022,134.7265,295
73.663,-0.00117809919174761,-0.000589049595873803,,,73.663,-0.00150614128749037,,,,,,,,,,,,,-0.00050955513231609,0.0151125664456707,0.0151211544204694,135.1832,296
73.741,-0.00294524780474603,-0.00117809919174761,,,73.741,-0.00165005193921593,,,,,,,,,,,,,0.00417738536575298,0.00584315805414493,0.00718282984204177,135.6399,297
73.814,-0.00235619838349521,-0.00176714872941375,,,73.814,-0.00172066658364386,,,,,,,,,,,,,0.00129765656831765,0.0025249689355465,0.00283890484073925,136.0966,298
73.887,-0.00176714872941375,-0.000589049595873803,,,73.887,-0.00172531479822085,,,,,,,,,,,,,0.0108376898003,0.00388184636141261,0.0115119177977059,136.5533,299
73.961,-0.00235619838349521,-0.00117809919174761,,,73.961,-0.00178840315674829,,,,,,,,,,,,,-0.00167068096539802,0.00313046363481818,0.00354837673550348,137.01,300
74.045,-0.00117809919174761,0,,,74.045,-0.00172737276024822,,,,,,,,,,,,,-0.00273208440068393,-0.0117283056427863,0.0120423186481289,137.4667,301
74.119,-0.00176714872941375,-0.00117809919174761,,,74.119,-0.00173135035716477,,,,,,,,,,,,,-0.00059769069414683,-0.00264027124380066,0.00270707709655828,137.9234,302
74.191,-0.00176714872941375,-0.00117809919174761,,,74.191,-0.00173493019438967,,,,,,,,,,,,,0.0134493844574151,-0.0199046432406298,0.0240225053818311,138.3801,303
74.263,-0.00117809919174761,-0.000589049595873803,,,74.263,-0.00167924709412546,,,,,,,,,,,,,0.0183676281945848,-0.00332393597931109,0.0186659667815269,138.8368,304
74.335,-0.0035342974588275,-0.00235619838349521,,,74.335,-0.00186475213059567,,,,,,,,,,,,,0.0017729859323767,0.00777149649808127,0.00797117537983547,139.2935,305
74.407,-0.00117809919174761,-0.000589049595873803,,,74.407,-0.00179608683671086,,,,,,,,,,,,,0.0177180107784046,-0.00872309778080209,0.0197489326505787,139.7502,306
74.479,-0.00176714872941375,0,,,74.479,-0.00179319302598115,,,,,,,,,,,,,-0.0163518552082779,0.00551040652721795,0.0172553686963707,140.2069,307
74.551,-0.00117809919174761,-0.000589049595873803,,,74.551,-0.00173168364255779,,,,,,,,,,,,,-0.00606019280098549,-0.0141888928192606,0.0154288890144943,140.6636,308
74.626,-0.00117809919174761,0,,,74.626,-0.00167632519747678,,,,,,,,,,,,,-0.0153483867458044,0.0104462394684928,0.0185660145085551,141.1203,309
74.732,-0.00176714872941375,-0.000589049595873803,,,74.732,-0.00168540755067047,,,,,,,,,,,,,-0.0181091488469679,-0.0016623513516548,0.0181852875692959,141.577,310
74.803,-0.00176714872941375,-0.00117809919174761,,,74.803,-0.0016935816685448,,,,,,,,,,,,,-0.0041366807017565,0.00335560385778075,0.00532655653106561,142.0337,311
74.874,-0.00117809919174761,-0.00117809919174761,,,74.874,-0.00164203342086508,,,,,,,,,,,,,-0.024987903610283,-0.015505016353718,0.029407496645683,142.4904,312
74.943,-0.00176714872941375,-0.000589049595873803,,,74.943,-0.00165454495171995,,,,,,,,,,,,,0.0187178937395838,0.00339339078156439,0.0190230031026323,142.9471,313
75.015,-0.00176714872941375,-0.00117809919174761,,,75.015,-0.00166580532948933,,,,,,,,,,,,,0.0233269620014191,-0.0068130016408952,0.0243015256223656,143.4038,314
75.087,-0.00176714872941375,-0.00117809919174761,,,75.087,-0.00167593966948177,,,,,,,,,,,,,-0.00359784964793993,-0.00951482997839092,0.0101723405176423,143.8605,315
75.155,-0.00176714872941375,-0.000589049595873803,,,75.155,-0.00168506057547497,,,,,,,,,,,,,-0.00333711641879255,0.00485721373532631,0.00589312067271809,144.3172,316
75.228,-0.000589049595873803,-0.000589049595873803,,,75.228,-0.00157545947751485,,,,,,,,,,,,,-0.0142413372565104,0.00354040161662999,0.0146748127913343,144.7739,317
75.301,-0.00294524780474603,-0.00235619838349521,,,75.301,-0.00171243831023797,,,,,,,,,,,,,-0.0103272088506837,-0.00382630142779044,0.0110132567963319,145.2306,318
75.371,-0.00235619838349521,-0.00117809919174761,,,75.371,-0.00177681431756369,,,,,,,,,,,,,-0.00506109795603646,0.01117813230241,0.0122705074993163,145.6873,319
75.449,-0.00176714872941375,-0.00117809919174761,,,75.449,-0.0017758477587487,,,,,,,,,,,,,-0.0122323801115111,-0.00127558863380179,0.0122987092637876,146.144,320
75.524,-0.00176714872941375,-0.00117809919174761,,,75.524,-0.0017749778558152,,,,,,,,,,,,,0.00994008565538571,0.0113700212413119,0.0151024066249154,146.6007,321
75.598,-0.00117809919174761,-0.000589049595873803,,,75.598,-0.00171528998940844,,,,,,,,,,,,,-0.00168132771111053,-0.00310410467332987,0.00353020235895005,147.0574,322
75.667,-0.00176714872941375,-0.000589049595873803,,,75.667,-0.00172047586340897,,,,,,,,,,,,,-0.00849192605200108,0.00314283733673568,0.00905484591795103,147.5141,323
75.739,-0.00235619838349521,-0.00117809919174761,,,75.739,-0.0017840481154176,,,,,,,,,,,,,0.00557547012400592,0.0133660438649675,0.0144822993928423,147.9708,324
75.814,-0.000589049595873803,0,,,75.814,-0.00166454826346322,,,,,,,,,,,,,-0.0112074960435463,0.0117859508031291,0.0162639664258103,148.4275,325
75.895,-0.00176714872941375,-0.000589049595873803,,,75.895,-0.00167480831005827,,,,,,,,,,,,,0.0163059453591284,-0.00620124946616633,0.0174453245597928,148.8842,326
75.958,-0.00235619838349521,-0.00117809919174761,,,75.958,-0.00174294731740197,,,,,,,,,,,,,0.0150592014830326,-0.0304597629318932,0.0339790627765644,149.3409,327
76.027,-0.00117809919174761,-0.000589049595873803,,,76.027,-0.00168646250483653,,,,,,,,,,,,,-0.0182953346853525,0.00862319369647849,0.0202256950628661,149.7976,328
76.1,-0.000589049595873803,0,,,76.1,-0.00157672121394026,,,,,,,,,,,,,-0.0118559270122728,-0.00482263281535784,0.0127992496886383,150.2543,329
76.17,-0.00117809919174761,0,,,76.17,-0.00153685901172099,,,,,,,,,,,,,0.00654685434200713,0.0109207205225787,0.0127327702605414,150.711,330
76.242,-0.00176714872941375,-0.00117809919174761,,,76.242,-0.00155988798349027,,,,,,,,,,,,,0.00484373081153671,-0.00329867934537629,0.00586029125541062,151.1677,331
76.314,-0.000589049595873803,-0.00117809919174761,,,76.314,-0.00146280414472862,,,,,,,,,,,,,0.00608982557489578,0.0113286879322956,0.0128617707101314,151.6244,332
76.388,-0.00176714872941375,-0.00117809919174761,,,76.388,-0.00149323860319713,,,,,,,,,,,,,0.00362300176968351,0.00796815009347375,0.00875314559088648,152.0811,333
76.464,-0.00117809919174761,0,,,76.464,-0.00146172466205218,,,,,,,,,,,,,-0.00836972472034588,0.00776060527103916,0.0114139951843011,152.5378,334
76.534,-0.00235619838349521,-0.00117809919174761,,,76.534,-0.00155117203419648,,,,,,,,,,,,,0.00404250753159088,0.0118086129369305,0.0124813944187824,152.9945,335
76.607,-0.00176714872941375,-0.00117809919174761,,,76.607,-0.00157276970371821,,,,,,,,,,,,,0.0150510327109377,-0.0178131413149942,0.0233204114280531,153.4512,336
76.68,-0.00235619838349521,-0.00117809919174761,,,76.68,-0.00165111257169591,,,,,,,,,,,,,-0.00957220139323501,-0.00903106998684663,0.0131600632452877,153.9079,337
76.752,-0.00235619838349521,-0.00117809919174761,,,76.752,-0.00172162115287584,,,,,,,,,,,,,-0.00673623498553035,-0.00448806860016675,0.00809441916014273,154.3646,338
76.819,-0.00117809919174761,-0.000589049595873803,,,76.819,-0.00166726895676302,,,,,,,,,,,,,0.0111254698703707,-0.0167599600932047,0.0201164694258794,154.8213,339
76.887,-0.00117809919174761,-0.00117809919174761,,,76.887,-0.00161835198026148,,,,,,,,,,,,,0.00260828408740786,-0.00702927455375401,0.0074975893881086,155.278,340
76.958,-0.00235619838349521,-0.00117809919174761,,,76.958,-0.00169213662058485,,,,,,,,,,,,,-0.00144156392843295,-0.0151561894003284,0.0152245914131837,155.7347,341
77.032,-0.00117809919174761,-0.00117809919174761,,,77.032,-0.00164073287770113,,,,,,,,,,,,,0.00563064769155081,-0.0149365071271278,0.0159625636595474,156.1914,342
77.107,-0.00117809919174761,-0.000589049595873803,,,77.107,-0.00159446950910577,,,,,,,,,,,,,0.00269732894631577,0.00533178238091966,0.00597523947654973,156.6481,343
77.176,-0.00235619838349521,-0.00117809919174761,,,77.176,-0.00167064239654472,,,,,,,,,,,,,0.0115359115570619,0.00633837328672592,0.0131625313437133,157.1048,344
77.246,-0.00176714872941375,-0.00117809919174761,,,77.246,-0.00168029302983162,,,,,,,,,,,,,-0.00395093633080413,-0.0182506607265443,0.0186734173317445,157.5615,345
77.322,-0.00117809919174761,-0.00117809919174761,,,77.322,-0.00163007364602322,,,,,,,,,,,,,-0.012028310050733,0.026641960062913,0.0292313920070601,158.0182,346
77.395,-0.00176714872941375,-0.00176714872941375,,,77.395,-0.00164378115436227,,,,,,,,,,,,,0.02908753364497,-0.00572521067657713,0.0296456177341349,158.4749,347
77.471,-0.00176714872941375,-0.00117809919174761,,,77.471,-0.00165611791186742,,,,,,,,,,,,,0.00642485774524731,-0.0035291999104809,0.00733035122315451,158.9316,348
77.543,-0.00117809919174761,-0.00117809919174761,,,77.543,-0.00160831603985544,,,,,,,,,,,,,-0.0132806123703596,-0.00967963350213618,0.016433805696412,159.3883,349
77.616,-0.00176714872941375,-0.00117809919174761,,,77.616,-0.00162419930881127,,,,,,,,,,,,,3.04463517943691E-05,-0.00353058789580717,0.00353071917183422,159.845,350
77.691,-0.00176714872941375,-0.00117809919174761,,,77.691,-0.00163849425087152,,,,,,,,,,,,,0.0138578339897162,-0.00102626025478317,0.0138957825615214,160.3017,351
77.765,-0.00176714872941375,-0.000589049595873803,,,77.765,-0.00165135969872574,,,,,,,,,,,,,0.00957091886981239,0.0037849047104382,0.0102921325137033,160.7584,352
77.835,-0.00176714872941375,-0.00117809919174761,,,77.835,-0.00166293860179454,,,,,,,,,,,,,0.0256497033642325,0.00470212495813341,0.0260771405985208,161.2151,353
77.908,-0.00117809919174761,-0.000589049595873803,,,77.908,-0.00161445466078985,,,,,,,,,,,,,-0.000187723114096261,0.00651337524749817,0.00651607988611925,161.6718,354
77.983,-0.00235619838349521,-0.00117809919174761,,,77.983,-0.00168862903306038,,,,,,,,,,,,,0.00131485254217457,0.0106779951271693,0.0107586438338442,162.1285,355
78.052,-0.00294524780474603,-0.00235619838349521,,,78.052,-0.00181429091022895,,,,,,,,,,,,,-0.000257747862143218,0.00306151716552903,0.0030723478506296,162.5852,356
78.125,-0.00235619838349521,-0.00117809919174761,,,78.125,-0.00186848165755557,,,,,,,,,,,,,0.00605828255740709,0.0170972709814741,0.0181388936420979,163.0419,357
78.201,-0.00117809919174761,0,,,78.201,-0.00179944341097478,,,,,,,,,,,,,-0.0169342948902211,-0.0022705570064961,0.0170858354360774,163.4986,358
78.271,-0.00235619838349521,-0.00117809919174761,,,78.271,-0.00185511890822682,,,,,,,,,,,,,0.0166556161739494,0.0162681709271562,0.0232822450689166,163.9553,359
78.347,-0.00176714872941375,-0.00117809919174761,,,78.347,-0.00184632189034551,,,,,,,,,,,,,-0.0066591233458416,0.00622920176994558,0.0091184910169296,164.412,360
78.423,-0.00117809919174761,0,,,78.423,-0.00177949962048572,,,,,,,,,,,,,-0.0171969615370695,-0.0110394433465346,0.0204353809729301,164.8687,361
78.498,-0.00117809919174761,-0.000589049595873803,,,78.498,-0.00171935957761191,,,,,,,,,,,,,-0.00514789688392664,0.0294633640738754,0.0299097085388219,165.3254,362
78.572,-0.00117809919174761,-0.00117809919174761,,,78.572,-0.00166523353902548,,,,,,,,,,,,,0.00921731956728094,0.00015186850208231,0.0092185706075999,165.7821,363
78.649,-0.00117809919174761,-0.000589049595873803,,,78.649,-0.00161652010429769,,,,,,,,,,,,,-0.0105722601064434,-0.000972442409672878,0.010616888809742,166.2388,364
78.733,-0.00176714872941375,-0.00117809919174761,,,78.733,-0.0016315829668093,,,,,,,,,,,,,0.0121988481320048,-0.00233402372938326,0.0124201273148483,166.6955,365
78.952,-0.00176714872941375,-0.00117809919174761,,,78.952,-0.00164513954306974,,,,,,,,,,,,,-0.00742666083655059,0.000818019075586521,0.00747157589730425,167.1522,366
79.024,-0.00176714872941375,-0.00117809919174761,,,79.024,-0.00165734046170414,,,,,,,,,,,,,-0.0107419154420536,0.0166767760686766,0.0198369253517024,167.6089,367
79.096,-0.00176714872941375,-0.00117809919174761,,,79.096,-0.0016683212884751,,,,,,,,,,,,,0.00576783572090053,0.00370041990438272,0.00685281229657197,168.0656,368
79.167,-0.00176714872941375,-0.000589049595873803,,,79.167,-0.00167820403256897,,,,,,,,,,,,,-0.00714061599356997,-0.00687822030697192,0.00991455048697963,168.5223,369
79.24,-0.00117809919174761,0,,,79.24,-0.00162819354848683,,,,,,,,,,,,,2.11651691218572E-05,0.00934532066391236,0.00934534463119104,168.979,370
79.314,-0.00235619838349521,-0.00117809919174761,,,79.314,-0.00170099403198767,,,,,,,,,,,,,0.00369799394813669,0.00568004774474031,0.00677776523811389,169.4357,371
79.387,-0.000589049595873803,0,,,79.387,-0.00158979958837628,,,,,,,,,,,,,0.017502886856846,-0.00311991853712537,0.0177787777983147,169.8924,372
79.461,-0.00235619838349521,-0.00117809919174761,,,79.461,-0.00166643946788818,,,,,,,,,,,,,-0.011237377387261,-0.00346969476439519,0.0117608431798828,170.3491,373
79.54,-0.00117809919174761,-0.000589049595873803,,,79.54,-0.00161760544027412,,,,,,,,,,,,,-0.000268406907143642,0.0077042451912833,0.00770891926506007,170.8058,374
79.612,-0.00176714872941375,-0.00117809919174761,,,79.612,-0.00163255976918808,,,,,,,,,,,,,0.0172038368547093,0.00062163533622712,0.0172150641304266,171.2625,375
79.687,-0.00117809919174761,-0.00117809919174761,,,79.687,-0.00158711371144403,,,,,,,,,,,,,-0.00307463230106135,0.00866466388438807,0.00919400696193715,171.7192,376
79.764,-0.000589049595873803,-0.00117809919174761,,,79.764,-0.00148730729988701,,,,,,,,,,,,,0.00782144204482489,-0.0174670547576289,0.0191382590004044,172.1759,377
79.837,-0.00176714872941375,-0.00117809919174761,,,79.837,-0.00151529144283969,,,,,,,,,,,,,-0.00145867299145644,0.00682575910225268,0.00697987924093174,172.6326,378
79.92,-0.00176714872941375,-0.00117809919174761,,,79.92,-0.00154047717149709,,,,,,,,,,,,,-0.00270393830658421,0.00342087746719681,0.00436046843944413,173.0893,379
79.993,-0.00176714872941375,-0.00117809919174761,,,79.993,-0.00156314432728876,,,,,,,,,,,,,0.00944507256217117,0.0056757067128219,0.0110192124217047,173.546,380
80.063,-0.00117809919174761,-0.000589049595873803,,,80.063,-0.00152463981373464,,,,,,,,,,,,,-0.0101486251825952,0.00896649752132597,0.0135422550152015,174.0027,381
80.139,-0.00117809919174761,-0.000589049595873803,,,80.139,-0.00148998575153594,,,,,,,,,,,,,0.00998540509584281,0.00177352397852691,0.0101416814301423,174.4594,382
80.212,-0.00176714872941375,-0.000589049595873803,,,80.212,-0.00151770204932372,,,,,,,,,,,,,0.00487864582738756,0.0155220625071188,0.0162706978825123,174.9161,383
80.283,-0.00117809919174761,0,,,80.283,-0.00148374176356611,,,,,,,,,,,,,0.0157929543688169,0.0088202360339504,0.0180890566749659,175.3728,384
80.356,-0.00294524780474603,-0.00117809919174761,,,80.356,-0.0016298923676841,,,,,,,,,,,,,0.00372606276072199,0.00199313113870084,0.00422564970541787,175.8295,385
80.428,-0.00117809919174761,-0.000589049595873803,,,80.428,-0.00158471305009045,,,,,,,,,,,,,-0.0116457958558544,-0.00606001701143469,0.0131281517090226,176.2862,386
80.503,-0.00117809919174761,-0.00117809919174761,,,80.503,-0.00154405166425617,,,,,,,,,,,,,-0.00564658458410875,-0.00401844774048975,0.00693050068238521,176.7429,387
80.576,-0.00117809919174761,-0.000589049595873803,,,80.576,-0.00150745641700531,,,,,,,,,,,,,0.0159045221142303,-0.00556140961670941,0.0168488308379801,177.1996,388
80.648,-0.00176714872941375,-0.000589049595873803,,,80.648,-0.00153342564824615,,,,,,,,,,,,,-0.0139221834834302,-0.0109860528633047,0.0177347272451995,177.6563,389
80.726,-0.00117809919174761,-0.00117809919174761,,,80.726,-0.0014978930025963,,,,,,,,,,,,,0.00958762765518159,-0.0124587257833511,0.0157207650004425,178.113,390
80.799,-0.00176714872941375,-0.00117809919174761,,,80.799,-0.00152481857527804,,,,,,,,,,,,,0.00269141771934045,0.000695722900141339,0.0027798848346219,178.5697,391
80.871,-0.00176714872941375,-0.00117809919174761,,,80.871,-0.00154905159069161,,,,,,,,,,,,,0.00430636368187169,0.0139926082377767,0.0146402818776292,179.0264,392
80.94,-0.00176714872941375,-0.000589049595873803,,,80.94,-0.00157086130456383,,,,,,,,,,,,,-0.00341312580217242,-0.00637066466009548,0.00722736438495006,179.4831,393
81.015,-0.00176714872941375,-0.00117809919174761,,,81.015,-0.00159049004704882,,,,,,,,,,,,,-0.00888485698319285,0.00794383545515682,0.0119182719112461,179.9398,394
81.088,-0.00176714872941375,-0.00117809919174761,,,81.088,-0.00160815591528531,,,,,,,,,,,,,0.00575606040871246,0.00857438558660925,0.0103272609929545,180.3965,395
81.41,-0.00117809919174761,-0.00117809919174761,,,81.41,-0.00156515024293154,,,,,,,,,,,,,-0.0095026788903746,0.00522681796572796,0.0108453000023249,180.8532,396
81.484,-0.00176714872941375,-0.00117809919174761,,,81.484,-0.00158535009157976,,,,,,,,,,,,,0.00271508043720997,0.00293532480694171,0.00399847389672206,181.3099,397
81.56,-0.00235619838349521,-0.00117809919174761,,,81.56,-0.00166243492077131,,,,,,,,,,,,,0.0149437129451381,-0.0075874526403387,0.0167595940928195,181.7666,398
81.636,-0.000589049595873803,0,,,81.636,-0.00155509638828156,,,,,,,,,,,,,0.0149672136749449,-0.0160075475358307,0.0219148137866452,182.2233,399
81.705,-0.00117809919174761,-0.000589049595873803,,,81.705,-0.00151739666862816,,,,,,,,,,,,,0.0164184709126899,-0.0115246932122894,0.0200595299234113,182.68,400
81.78,-0.00117809919174761,-0.00117809919174761,,,81.78,-0.00148346692094011,,,,,,,,,,,,,-0.00455831284540677,-0.00386877569757625,0.00597876587555969,183.1367,401
81.852,-0.00176714872941375,-0.00117809919174761,,,81.852,-0.00151183510178747,,,,,,,,,,,,,-0.00995144062369922,-0.00480415292510302,0.011050387134159,183.5934,402
81.922,-0.00235619838349521,-0.00117809919174761,,,81.922,-0.00159627142995824,,,,,,,,,,,,,-0.011726885160559,-0.0023474922214438,0.0119595382560816,184.0501,403
81.993,-0.00117809919174761,0,,,81.993,-0.00155445420613718,,,,,,,,,,,,,-0.0136442348265033,-0.0126859636625066,0.0186305882367467,184.5068,404
82.06,-0.00117809919174761,-0.00117809919174761,,,82.06,-0.00151681870469822,,,,,,,,,,,,,-0.00666939709157473,0.00477258465001019,0.00820112320396532,184.9635,405
82.133,-0.00117809919174761,-0.000589049595873803,,,82.133,-0.00148294675340316,,,,,,,,,,,,,0.003721528274368,0.00905495858335078,0.00978989518039486,185.4202,406
82.203,-0.000589049595873803,-0.000589049595873803,,,82.203,-0.00139355703765023,,,,,,,,,,,,,0.00752673838862553,0.00169008640658232,0.00771415470628659,185.8769,407
82.272,-0.00176714872941375,-0.000589049595873803,,,82.272,-0.00143091620682658,,,,,,,,,,,,,-0.00401023678505107,-0.0141658384170037,0.0147225329725844,186.3336,408
82.348,-0.00235619838349521,-0.00117809919174761,,,82.348,-0.00152344442449344,,,,,,,,,,,,,0.00536431051537022,-0.0111334346263049,0.0123583653402672,186.7903,409
82.424,-0.00176714872941375,-0.000589049595873803,,,82.424,-0.00154781485498547,,,,,,,,,,,,,0.0230379871679584,-0.00397286601021088,0.0233780349278143,187.247,410
82.492,-0.00117809919174761,0,,,82.492,-0.00151084328866169,,,,,,,,,,,,,-0.000284845794470355,-0.00538333267307922,0.00539086336273418,187.7037,411
82.56,-0.00176714872941375,-0.00117809919174761,,,82.56,-0.00153647383273689,,,,,,,,,,,,,-0.00739271286545822,-0.00512656125519031,0.00899632334980962,188.1604,412
82.637,-0.00117809919174761,-0.000589049595873803,,,82.637,-0.00150063636863796,,,,,,,,,,,,,-0.00128309568091729,-0.00837518917544625,0.00847290553770668,188.6171,413
82.711,-0.00235619838349521,-0.00117809919174761,,,82.711,-0.00158619257012369,,,,,,,,,,,,,0.0128880843014616,0.00574848612787176,0.0141119739839583,189.0738,414
82.782,-0.00235619838349521,-0.00117809919174761,,,82.782,-0.00166319315146084,,,,,,,,,,,,,-0.00976541493057158,-0.00794938016001959,0.0125919011151908,189.5305,415
82.852,-0.00176714872941375,-0.00117809919174761,,,82.852,-0.00167358870925613,,,,,,,,,,,,,-0.0101570744155696,-0.0097453244846749,0.0140761326363111,189.9872,416
82.927,-0.00117809919174761,0,,,82.927,-0.00162403975750528,,,,,,,,,,,,,-0.00915946273840855,-0.00709070025189737,0.0115833409566736,190.4439,417
82.992,-0.000589049595873803,-0.000589049595873803,,,82.992,-0.00152054074134213,,,,,,,,,,,,,0.00992459397942239,-0.021267354940734,0.0234690850233142,190.9006,418
83.06,-0.00117809919174761,-0.000589049595873803,,,83.06,-0.00148629658638268,,,,,,,,,,,,,-0.00148893058602035,0.000115768234456668,0.00149342444539257,191.3573,419
83.137,-0.000589049595873803,0,,,83.137,-0.00139657188733179,,,,,,,,,,,,,-0.00135074387705757,-0.000399678358242981,0.00140863473315701,191.814,420
83.211,-0.000589049595873803,0,,,83.211,-0.00131581965818599,,,,,,,,,,,,,-0.00112414799731701,-0.000314574642353613,0.0011673328254974,192.2707,421
83.286,-0.00176714872941375,-0.000589049595873803,,,83.286,-0.00136095256530877,,,,,,,,,,,,,0.00558649862149854,0.00681162166128429,0.00880949240901441,192.7274,422
83.366,-0.000589049595873803,-0.000589049595873803,,,83.366,-0.00128376226836527,,,,,,,,,,,,,0.00960275074210077,-0.0134738819076326,0.0165456433986638,193.1841,423
83.449,-0.00235619838349521,-0.00117809919174761,,,83.449,-0.00139100587987827,,,,,,,,,,,,,0.00027114712149497,0.00527083420811377,0.00527780390038483,193.6408,424
83.525,-0.00176714872941375,-0.000589049595873803,,,83.525,-0.00142862016483181,,,,,,,,,,,,,0.00727382828576384,0.00545298007467707,0.00909085087467632,194.0975,425
83.595,-0.00117809919174761,0,,,83.595,-0.00140356806752339,,,,,,,,,,,,,0.00475613305151384,0.00373150044931207,0.00604523756414242,194.5542,426
83.668,-0.00117809919174761,0,,,83.668,-0.00138102117994581,,,,,,,,,,,,,-0.000482056383810311,-0.0140478881204731,0.0140561566227224,195.0109,427
83.74,-0.00117809919174761,-0.00117809919174761,,,83.74,-0.00136072898112599,,,,,,,,,,,,,0.0176095096249097,-0.0177834674139135,0.0250269163600215,195.4676,428
83.812,-0.00176714872941375,-0.00117809919174761,,,83.812,-0.00140137095595477,,,,,,,,,,,,,0.0150322872881396,-0.0127222143682251,0.0196932577179154,195.9243,429
83.887,-0.00235619838349521,-0.000589049595873803,,,83.887,-0.00149685369870881,,,,,,,,,,,,,-0.00609389254496803,-0.0173860628283448,0.0184231025351533,196.381,430
83.961,-0.00117809919174761,-0.00117809919174761,,,83.961,-0.00146497824801269,,,,,,,,,,,,,-0.000335813159702196,0.00936800905291938,0.00937402603441065,196.8377,431
84.036,-0.00235619838349521,-0.00117809919174761,,,84.036,-0.00155410026156094,,,,,,,,,,,,,-0.00729355908857434,0.00683404982190767,0.0099950108127426,197.2944,432
84.181,-0.00176714872941375,-0.00117809919174761,,,84.181,-0.00157540510834622,,,,,,,,,,,,,0.0123785540745868,0.0043711269754303,0.0131276559984182,197.7511,433
84.259,-0.00176714872941375,-0.00117809919174761,,,84.259,-0.00159457947045298,,,,,,,,,,,,,0.00839916460926101,-0.00280447069302774,0.00885499983068967,198.2078,434
84.328,-0.00176714872941375,0,,,84.328,-0.00161183639634905,,,,,,,,,,,,,0.00757981299607648,-0.000694180956108335,0.00761153415911099,198.6645,435
84.399,-0.00235619838349521,-0.00117809919174761,,,84.399,-0.00168627259506367,,,,,,,,,,,,,0.00241545023746705,-0.0105951330296024,0.01086697951432,199.1212,436
84.468,-0.00235619838349521,-0.00117809919174761,,,84.468,-0.00175326517390682,,,,,,,,,,,,,-0.00963531074126527,0.00141257356732615,0.00973830463498911,199.5779,437
84.541,-0.00117809919174761,0,,,84.541,-0.0016957485756909,,,,,,,,,,,,,0.00760531139458108,0.00779154020498585,0.0108880145193904,200.0346,438
84.615,-0.00176714872941375,-0.00117809919174761,,,84.615,-0.00170288859106319,,,,,,,,,,,,,-0.00223778570313817,-0.000422919053112278,0.00227739881853288,200.4913,439
84.689,-0.00117809919174761,-0.00117809919174761,,,84.689,-0.00165040965113163,,,,,,,,,,,,,0.00164835678192591,0.0164989925207467,0.0165811288602488,200.948,440
84.755,-0.00176714872941375,-0.00117809919174761,,,84.755,-0.00166208355895984,,,,,,,,,,,,,0.00755386160701129,-0.00451977900494225,0.00880279656878403,201.4047,441
84.841,-0.00117809919174761,-0.000589049595873803,,,84.841,-0.00161368512223862,,,,,,,,,,,,,-0.00611856924230952,0.0102354072313189,0.0119247830489225,201.8614,442
84.917,-0.00117809919174761,0,,,84.917,-0.00157012652918952,,,,,,,,,,,,,-0.0237596407539164,0.0022423698248016,0.0238652205350453,202.3181,443
85.001,-0.00117809919174761,0,,,85.001,-0.00153092379544533,,,,,,,,,,,,,-0.0144452101893722,-0.000434757126493468,0.014451751145594,202.7748,444
85.068,-0.00117809919174761,-0.000589049595873803,,,85.068,-0.00149564133507555,,,,,,,,,,,,,0.00374972542333879,-0.00123404625630813,0.00394757025436424,203.2315,445
85.148,-0.00117809919174761,-0.000589049595873803,,,85.148,-0.00146388712074276,,,,,,,,,,,,,-0.00451338626426942,0.00108999198855117,0.00464313882041035,203.6882,446
85.402,-0.00235619838349521,-0.000589049595873803,,,85.402,-0.001553118247018,,,,,,,,,,,,,0.00391405463946394,-0.0138873034999352,0.014428340937891,204.1449,447
85.472,-0.000589049595873803,0,,,85.472,-0.00145671138190358,,,,,,,,,,,,,-0.0133431456408293,0.00658593290432737,0.0148799881657441,204.6016,448
85.552,-0.00117809919174761,-0.00117809919174761,,,85.552,-0.00142885016288799,,,,,,,,,,,,,-0.00183347604541026,0.0103873750127071,0.0105479473862787,205.0583,449
85.628,-0.00176714872941375,-0.00117809919174761,,,85.628,-0.00146268001954056,,,,,,,,,,,,,0.028886089276848,0.00124004598519109,0.0289126938861709,205.515,450
85.706,-0.00117809919174761,-0.00117809919174761,,,85.706,-0.00143422193676127,,,,,,,,,,,,,0.0207405610058428,-0.00391078795412303,0.0211060449459201,205.9717,451
85.776,-0.00235619838349521,-0.00117809919174761,,,85.776,-0.00152641958143466,,,,,,,,,,,,,-0.00288055590870535,-0.00275448500067083,0.0039855727269864,206.4284,452
85.853,-0.00117809919174761,-0.000589049595873803,,,85.853,-0.00149158754246596,,,,,,,,,,,,,-0.0227712486305129,0.00733368237705781,0.0239230571081583,206.8851,453
85.923,-0.00117809919174761,-0.00117809919174761,,,85.923,-0.00146023870739412,,,,,,,,,,,,,0.00692377989434891,0.0119054760040747,0.0137724030912905,207.3418,454
86.007,-0.00235619838349521,-0.00117809919174761,,,86.007,-0.00154983467500423,,,,,,,,,,,,,-0.0123227368452541,-0.00820767096197039,0.0148059348228119,207.7985,455
86.331,-0.00117809919174761,-0.000589049595873803,,,86.331,-0.00151266112667857,,,,,,,,,,,,,-0.010082458265607,-0.0065690514331878,0.0120336362505094,208.2552,456
86.402,-0.00176714872941375,-0.00117809919174761,,,86.402,-0.00153810988695209,,,,,,,,,,,,,-0.0022698549648937,0.00188423246145967,0.00295001246276536,208.7119,457
86.469,-0.00117809919174761,-0.00117809919174761,,,86.469,-0.00150210881743164,,,,,,,,,,,,,0.00448981370787864,-0.00177394621170775,0.00482755759090322,209.1686,458
86.54,-0.000589049595873803,0,,,86.54,-0.00141080289527585,,,,,,,,,,,,,-0.00427336005766092,0.010156138412404,0.0110185640459326,209.6253,459
86.61,-0.00294524780474603,-0.00117809919174761,,,86.61,-0.00156424738622287,,,,,,,,,,,,,0.0137004625999949,-0.0127455039834096,0.0187123100456616,210.082,460
86.683,-0.00294524780474603,-0.00235619838349521,,,86.683,-0.00170234742807519,,,,,,,,,,,,,0.00263481220526811,-0.00720289213848188,0.0076696734295297,210.5387,461
86.755,-0.00176714872941375,-0.00117809919174761,,,86.755,-0.00170882755820904,,,,,,,,,,,,,0.00499027615746625,0.0234769460197438,0.0240014551755042,210.9954,462
86.834,-0.00117809919174761,-0.00117809919174761,,,86.834,-0.0016557547215629,,,,,,,,,,,,,0.0170644325818765,0.000561334405554152,0.0170736626315582,211.4521,463
86.909,-0.00117809919174761,-0.000589049595873803,,,86.909,-0.00160798916858137,,,,,,,,,,,,,-0.000410875615307694,-0.0124797045905829,0.0124864664913445,211.9088,464
86.981,-0.000589049595873803,-0.00117809919174761,,,86.981,-0.00150609521131061,,,,,,,,,,,,,0.00281792069629041,0.00859861841837461,0.00904858639542072,212.3655,465
87.048,-0.00117809919174761,-0.00117809919174761,,,87.048,-0.00147329560935431,,,,,,,,,,,,,-0.0135800679704002,-0.00413837008300921,0.0141966317492789,212.8222,466
87.126,-0.00117809919174761,-0.000589049595873803,,,87.126,-0.00144377596759364,,,,,,,,,,,,,0.0124389103279648,0.016602971277972,0.0207457259551049,213.2789,467
87.201,-0.00117809919174761,-0.000589049595873803,,,87.201,-0.00141720829000904,,,,,,,,,,,,,-0.00473801975271104,0.0156019562111843,0.0163055165141369,213.7356,468
87.274,-0.000589049595873803,-0.00117809919174761,,,87.274,-0.00133439242059552,,,,,,,,,,,,,-0.0081976442288959,-0.0116381105049124,0.0142354131316272,214.1923,469
87.348,-0.00117809919174761,0,,,87.348,-0.00131876309771072,,,,,,,,,,,,,-0.00117033623409682,0.00376606260326767,0.00394371835107062,214.649,470
87.42,-0.00294524780474603,-0.00176714872941375,,,87.42,-0.00148141156841426,,,,,,,,,,,,,0.00738451219646186,0.000819198831017386,0.00742981205041112,215.1057,471
87.488,-0.000589049595873803,-0.000589049595873803,,,87.488,-0.00139217537116021,,,,,,,,,,,,,0.0103091925029337,0.00075573926657529,0.0103368559969455,215.5624,472
87.561,-0.00235619838349521,-0.00117809919174761,,,87.561,-0.00148857767239371,,,,,,,,,,,,,-0.0122892511022774,0.0208933756407645,0.0242396129985798,216.0191,473
87.632,-0.00235619838349521,-0.00117809919174761,,,87.632,-0.00157533974350386,,,,,,,,,,,,,-0.000914774228173402,0.0172250357712121,0.0172493092385772,216.4758,474
87.859,-0.00117809919174761,-0.000589049595873803,,,87.859,-0.00153561568832823,,,,,,,,,,,,,-0.00966889403775913,0.00109202281979742,0.00973036616743545,216.9325,475
87.936,-0.00117809919174761,0,,,87.936,-0.00149986403867017,,,,,,,,,,,,,0.00170204309099589,-0.00223420016553089,0.00280866535266576,217.3892,476
88.009,-0.00117809919174761,-0.000589049595873803,,,88.009,-0.00146768755397792,,,,,,,,,,,,,-0.000523420183899569,-0.013582168886063,0.0135922507458644,217.8459,477
88.08,-0.000589049595873803,-0.000589049595873803,,,88.08,-0.0013798237581675,,,,,,,,,,,,,-0.00692596002305274,0.00385637432756428,0.00792720286073351,218.3026,478
88.153,-0.00176714872941375,-0.00117809919174761,,,88.153,-0.00141855625529213,,,,,,,,,,,,,0.00437979250889006,0.00631453520774015,0.00768478609401195,218.7593,479
88.229,-0.00117809919174761,-0.00117809919174761,,,88.229,-0.00139451054893768,,,,,,,,,,,,,0.00719819442227203,0.00154714965527617,0.00736258616225639,219.216,480
88.306,-0.00176714872941375,-0.000589049595873803,,,88.306,-0.00143177436698528,,,,,,,,,,,,,-0.00978709356774478,-0.00011428810097778,0.00978776084065279,219.6727,481
88.38,-0.00176714872941375,-0.00117809919174761,,,88.38,-0.00146531180322813,,,,,,,,,,,,,-0.00410668912904482,0.00455189009185223,0.00613062794588918,220.1294,482
88.456,-0.00176714872941375,-0.000589049595873803,,,88.456,-0.00149549549584669,,,,,,,,,,,,,0.00954732407282734,0.00214401352750504,0.0097851004572111,220.5861,483
88.529,-0.00235619838349521,-0.00117809919174761,,,88.529,-0.00158156578461154,,,,,,,,,,,,,0.0138501719756227,0.00899767425434331,0.0165162164475281,221.0428,484
88.597,-0.00176714872941375,-0.00117809919174761,,,88.597,-0.00160012407909176,,,,,,,,,,,,,-0.0110061814708009,-0.00677913043023749,0.0129264318339739,221.4995,485
88.671,-0.00176714872941375,0,,,88.671,-0.00161682654412396,,,,,,,,,,,,,0.00353092663406025,0.0204393408964286,0.0207420852176326,221.9562,486
88.74,-0.00117809919174761,-0.000589049595873803,,,88.74,-0.00157295380888633,,,,,,,,,,,,,0.00828549463620431,0.00882478477627198,0.0121048026714231,222.4129,487
88.81,-0.00176714872941375,-0.00117809919174761,,,88.81,-0.00159237330093907,,,,,,,,,,,,,0.00649381399178711,-0.0117585127055463,0.0134325068846595,222.8696,488
88.893,-0.00235619838349521,-0.00117809919174761,,,88.893,-0.00166875580919468,,,,,,,,,,,,,-0.00722891624055479,-0.000832930094036215,0.0072767439527929,223.3263,489
88.965,-0.00117809919174761,-0.00117809919174761,,,88.965,-0.00161969014744998,,,,,,,,,,,,,0.00834093919119302,-0.00356848759820792,0.00907223072511626,223.783,490
89.044,-0.00176714872941375,-0.00176714872941375,,,89.044,-0.00163443600564635,,,,,,,,,,,,,-0.0141580112081546,0.000638550921847184,0.0141724037710624,224.2397,491
89.12,-0.00235619838349521,-0.00176714872941375,,,89.12,-0.00170661224343124,,,,,,,,,,,,,-0.00583711565365126,-0.0114702737590577,0.0128700854411239,224.6964,492
89.192,-0.00176714872941375,0,,,89.192,-0.00171266589202949,,,,,,,,,,,,,0.000815166975939639,0.0132490765765879,0.0132741300027894,225.1531,493
89.264,-0.000589049595873803,-0.000589049595873803,,,89.264,-0.00160030426241392,,,,,,,,,,,,,,,,,
89.338,-0.00117809919174761,-0.000589049595873803,,,89.338,-0.00155808375534729,,,,,,,,,,,,,,,,,
89.416,-0.00176714872941375,-0.00117809919174761,,,89.416,-0.00157899025275394,,,,,,,,,,,,,,,,,
89.488,-0.000589049595873803,-0.000589049595873803,,,89.488,-0.00147999618706592,,,,,,,,,,,,,,,,,
89.56,-0.00117809919174761,-0.00117809919174761,,,89.56,-0.00144980648753409,,,,,,,,,,,,,,,,,
89.637,-0.00235619838349521,-0.00117809919174761,,,89.637,-0.0015404456771302,,,,,,,,,,,,,,,,,
89.727,-0.00235619838349521,-0.00117809919174761,,,89.727,-0.0016220209477667,,,,,,,,,,,,,,,,,
90.017,-0.00117809919174761,-0.00117809919174761,,,90.017,-0.00157762877216479,,,,,,,,,,,,,,,,,
90.089,-0.00235619838349521,-0.00176714872941375,,,90.089,-0.00165548573329784,,,,,,,,,,,,,,,,,
90.165,-0.00117809919174761,0,,,90.165,-0.00160774707914281,,,,,,,,,,,,,,,,,
90.236,-0.00117809919174761,-0.000589049595873803,,,90.236,-0.00156478229040329,,,,,,,,,,,,,,,,,
90.308,-0.00117809919174761,-0.00117809919174761,,,90.308,-0.00152611398053772,,,,,,,,,,,,,,,,,
90.38,-0.0035342974588275,-0.00117809919174761,,,90.38,-0.0017269323283667,,,,,,,,,,,,,,,,,
90.457,-0.00176714872941375,-0.00117809919174761,,,90.457,-0.00173095396847141,,,,,,,,,,,,,,,,,
90.633,-0.00176714872941375,-0.000589049595873803,,,90.633,-0.00173457344456564,,,,,,,,,,,,,,,,,
90.7,-0.00176714872941375,-0.00117809919174761,,,90.7,-0.00173783097305045,,,,,,,,,,,,,,,,,
90.774,-0.00117809919174761,-0.000589049595873803,,,90.774,-0.00168185779492017,,,,,,,,,,,,,,,,,
90.849,-0.00176714872941375,-0.00117809919174761,,,90.849,-0.00169038688836952,,,,,,,,,,,,,,,,,
90.925,-0.00117809919174761,-0.00117809919174761,,,90.925,-0.00163915811870733,,,,,,,,,,,,,,,,,
90.997,-0.00117809919174761,-0.00117809919174761,,,90.997,-0.00159305222601136,,,,,,,,,,,,,,,,,
91.061,-0.00176714872941375,-0.00117809919174761,,,91.061,-0.0016104618763516,,,,,,,,,,,,,,,,,
91.129,-0.00235619838349521,-0.00235619838349521,,,91.129,-0.00168503552706596,,,,,,,,,,,,,,,,,
91.209,-0.000589049595873803,-0.000589049595873803,,,91.209,-0.00157543693394674,,,,,,,,,,,,,,,,,
91.277,-0.00235619838349521,-0.00117809919174761,,,91.277,-0.00165351307890159,,,,,,,,,,,,,,,,,
91.35,-0.00117809919174761,-0.000589049595873803,,,91.35,-0.00160597169018619,,,,,,,,,,,,,,,,,
91.423,-0.00176714872941375,-0.000589049595873803,,,91.423,-0.00162208939410895,,,,,,,,,,,,,,,,,
91.497,-0.00117809919174761,0,,,91.497,-0.00157769037387281,,,,,,,,,,,,,,,,,
91.568,-0.000589049595873803,0,,,91.568,-0.00147882629607291,,,,,,,,,,,,,,,,,
91.638,-0.000589049595873803,-0.000589049595873803,,,91.638,-0.001389848626053,,,,,,,,,,,,,,,,,
91.709,-0.00117809919174761,0,,,91.709,-0.00136867368262246,,,,,,,,,,,,,,,,,
91.779,-0.000589049595873803,-0.00117809919174761,,,91.779,-0.0012907112739476,,,,,,,,,,,,,,,,,
92.176,-0.00117809919174761,0,,,92.176,-0.0012794500657276,,,,,,,,,,,,,,,,,
92.276,0,0,,,92.276,-0.00115150505915484,,,,,,,,,,,,,,,,,
92.351,0,0,,,92.351,-0.00103635455323935,,,,,,,,,,,,,,,,,
92.429,0,0,,,92.429,-0.000932719097915418,,,,,,,,,,,,,,,,,
92.503,0,0,,,92.503,-0.000839447188123877,,,,,,,,,,,,,,,,,
92.572,0,0,,,92.572,-0.000755502469311489,,,,,,,,,,,,,,,,,
92.653,0,0,,,92.653,-0.00067995222238034,,,,,,,,,,,,,,,,,
92.725,0,0,,,92.725,-0.000611957000142306,,,,,,,,,,,,,,,,,
92.793,0,0,,,92.793,-0.000550761300128075,,,,,,,,,,,,,,,,,
92.865,0,0,,,92.865,-0.000495685170115268,,,,,,,,,,,,,,,,,
93.084,0,0,,,93.084,-0.000446116653103741,,,,,,,,,,,,,,,,,
93.157,0,0,,,93.157,-0.000401504987793367,,,,,,,,,,,,,,,,,
93.232,0,0,,,93.232,-0.00036135448901403,,,,,,,,,,,,,,,,,
93.304,0,0,,,93.304,-0.000325219040112627,,,,,,,,,,,,,,,,,
93.377,0,0,,,93.377,-0.000292697136101365,,,,,,,,,,,,,,,,,
93.453,0,0,,,93.453,-0.000263427422491228,,,,,,,,,,,,,,,,,
93.526,0,0,,,93.526,-0.000237084680242105,,,,,,,,,,,,,,,,,
93.597,0,0,,,93.597,-0.000213376212217895,,,,,,,,,,,,,,,,,
93.669,0,0,,,93.669,-0.000192038590996105,,,,,,,,,,,,,,,,,
93.742,0,0,,,93.742,-0.000172834731896495,,,,,,,,,,,,,,,,,
93.818,0,0,,,93.818,-0.000155551258706845,,,,,,,,,,,,,,,,,
93.889,0,0,,,93.889,-0.000139996132836161,,,,,,,,,,,,,,,,,
93.961,0,0,,,93.961,-0.000125996519552545,,,,,,,,,,,,,,,,,
94.037,0,0,,,94.037,-0.00011339686759729,,,,,,,,,,,,,,,,,
94.108,0,0,,,94.108,-0.000102057180837561,,,,,,,,,,,,,,,,,
94.177,0,0,,,94.177,-9.18514627538051E-05,,,,,,,,,,,,,,,,,
94.248,0,0,,,94.248,-8.26663164784246E-05,,,,,,,,,,,,,,,,,
94.321,0,0,,,94.321,-7.43996848305821E-05,,,,,,,,,,,,,,,,,
94.393,0,0,,,94.393,-6.69597163475239E-05,,,,,,,,,,,,,,,,,
94.465,0,0,,,94.465,-6.02637447127715E-05,,,,,,,,,,,,,,,,,
94.541,0,0,,,94.541,-5.42373702414944E-05,,,,,,,,,,,,,,,,,
94.614,0,0,,,94.614,-4.88136332173449E-05,,,,,,,,,,,,,,,,,
94.684,0,0,,,94.684,-4.39322698956104E-05,,,,,,,,,,,,,,,,,
94.767,0,0,,,94.767,-3.95390429060494E-05,,,,,,,,,,,,,,,,,
94.832,0,0,,,94.832,-3.55851386154444E-05,,,,,,,,,,,,,,,,,
94.905,0,0,,,94.905,-0.0000320266247539,,,,,,,,,,,,,,,,,
94.973,0,0,,,94.973,-2.882396227851E-05,,,,,,,,,,,,,,,,,
95.051,0,0,,,95.051,-2.5941566050659E-05,,,,,,,,,,,,,,,,,
95.121,0,0,,,95.121,-2.33474094455931E-05,,,,,,,,,,,,,,,,,
95.197,0,0,,,95.197,-2.10126685010338E-05,,,,,,,,,,,,,,,,,
95.268,0,0,,,95.268,-1.89114016509304E-05,,,,,,,,,,,,,,,,,
95.337,0,0,,,95.337,-1.70202614858374E-05,,,,,,,,,,,,,,,,,
95.41,0,0,,,95.41,-1.53182353372536E-05,,,,,,,,,,,,,,,,,
95.474,0,0,,,95.474,-1.37864118035283E-05,,,,,,,,,,,,,,,,,
