698.167;36.29199981689453;False;[8190, 8190, 8190, 8190, 8190, 8190, 8190, 347, 8190, 8190, 8190, 8190, 8190, 8190, 8190, 8190, 8190, 8190];1.5877864360809326;0.5847328901290894;0.07786259800195694;-0.11372070014476776;0.01645507849752903;1.135522484779358;0.665000021457672;1.1520832777023315;0.5301666855812073;0;0;286.33148193359375;False;[False, False, False];0;0
698.454;36.29199981689453;False;[8190, 8190, 8190, 8190, 8190, 8190, 8190, 337, 8190, 8190, 8190, 8190, 8190, 8190, 8190, 8190, 8190, 8190];1.578626036643982;0.583206057548523;0.027480915188789368;-0.11394043266773224;0.01618652418255806;1.1336181163787842;0.6616666913032532;1.1545833349227905;0.5268333554267883;0;0;286.3419189453125;False;[False, False, False];0;0
698.769;36.29199981689453;False;[8190, 8190, 8190, 8190, 8190, 8190, 8190, 340, 8190, 8190, 8190, 8190, 8190, 8190, 8190, 8190, 8190, 8190];1.6015266180038452;0.5816794633865356;0.0625954195857048;-0.11520995944738388;0.0174560546875;1.1333739757537842;0.6608333587646484;1.1666666269302368;0.528083324432373;0;0;286.35162353515625;False;[False, False, False];0;0
699.072;36.29199981689453;False;[8190, 8190, 8190, 8190, 8190, 8190, 8190, 347, 8190, 8190, 8190, 8190, 8190, 8190, 8190, 8190, 8190, 8190];1.5954201221466064;0.552671730518341;0.038167938590049744;-0.11455078423023224;0.015625;1.130615234375;0.665833353996277;1.1545833349227905;0.5268333554267883;0;0;286.36480712890625;False;[False, False, False];0;0
699.142;36.29199981689453;False;[8190, 8190, 8190, 8190, 8190, 8190, 8190, 312, 8190, 8190, 8190, 8190, 8190, 8190, 8190, 8190, 8190, 8190];1.6030534505844116;0.540458083152771;0.0763358771800995;-0.11464843899011612;0.01738281175494194;1.133642554283142;0.6641666889190674;1.1516666412353516;0.5230833292007446;0;0;286.367919921875;False;[False, False, False];0;0
699.21;36.29199981689453;False;[8190, 8190, 8190, 8190, 8190, 8190, 8190, 336, 8190, 8190, 8190, 8190, 8190, 8190, 8190, 8190, 8190, 8190];1.6137405633926392;0.5755724906921387;0.07022900879383087;-0.11347655951976776;0.01728515699505806;1.132910132408142;0.6637499928474426;1.1545833349227905;0.528083324432373;0;0;286.3716125488281;False;[False, False, False];0;0
699.28;36.29199981689453;False;[8190, 8190, 8190, 8190, 8190, 8190, 8190, 373, 8190, 8190, 8190, 8190, 8190, 8190, 8190, 8190, 8190, 8190];1.6274808645248413;0.58931303024292;0.05801526829600334;-0.11354980617761612;0.01611328125;1.1333739757537842;0.6675000190734863;1.1579166650772095;0.5208333134651184;0;0;286.3754577636719;False;[False, False, False];0;0
699.382;36.29199981689453;False;[8190, 8190, 8190, 8190, 8190, 8190, 8190, 337, 8190, 8190, 8190, 8190, 8190, 8190, 8190, 8190, 8190, 8190];1.6152671575546265;0.5587786436080933;0.004580152686685324;-0.11545410007238388;0.017822265625;1.131591796875;0.6637499928474426;1.1579166650772095;0.5264166593551636;0;0;286.3801574707031;False;[False, False, False];0;0
699.451;36.29199981689453;False;[8190, 8190, 8190, 8190, 8190, 8190, 8190, 342, 8190, 8190, 8190, 8190, 8190, 8190, 8190, 8190, 8190, 8190];1.5862596035003662;0.6320610642433167;0.04885495826601982;-0.11455078423023224;0.01708984375;1.1312255859375;0.6666666865348816;1.15666663646698;0.525166690349579;0;0;286.3808898925781;False;[False, False, False];0;0
699.568;36.29199981689453;False;[8190, 8190, 8190, 8190, 8190, 8190, 8190, 313, 8190, 8190, 8190, 8190, 8190, 8190, 8190, 8190, 8190, 8190];1.6061067581176758;0.5465649366378784;0.0656488537788391;-0.11530761420726776;0.01169433631002903;1.130224585533142;0.662083327770233;1.1554166078567505;0.5268333554267883;0;0;286.3866882324219;False;[False, False, False];0;0
699.637;36.29199981689453;False;[8190, 8190, 8190, 8190, 8190, 8190, 8190, 358, 8190, 8190, 8190, 8190, 8190, 8190, 8190, 8190, 8190, 8190];1.6534351110458374;0.5328243970870972;0.06412213295698166;-0.11516113579273224;0.01665038987994194;1.132080078125;0.6670833230018616;1.149749994277954;0.5293333530426025;0;0;286.39190673828125;False;[False, False, False];0;0
699.711;36.29199981689453;False;[8190, 8190, 8190, 8190, 8190, 8190, 8190, 348, 8190, 8190, 8190, 8190, 8190, 8190, 8190, 8190, 8190, 8190];1.6213741302490234;0.569465696811676;0.0366412177681923;-0.11477050930261612;0.016845703125;1.130957007408142;0.6666666865348816;1.1579166650772095;0.5239166617393494;0;0;286.3954772949219;False;[False, False, False];0;0
699.788;36.29199981689453;False;[8190, 8190, 8190, 8190, 8190, 8190, 8190, 353, 8190, 8190, 8190, 8190, 8190, 8190, 8190, 8190, 8190, 8190];1.6167938709259033;0.5694656372070312;0.0396946594119072;-0.114013671875;0.01596679724752903;1.1335937976837158;0.665416657924652;1.152500033378601;0.5230833292007446;0;0;286.3981018066406;False;[False, False, False];0;0
699.998;36.29199981689453;False;[8190, 8190, 8190, 8190, 8190, 8190, 8190, 330, 8190, 8190, 8190, 8190, 8190, 8190, 8190, 8190, 8190, 8190];1.6000001430511475;0.598473310470581;0.04122137278318405;-0.11359862983226776;0.01601562462747097;1.1322753429412842;0.6633333563804626;1.1612499952316284;0.5235000252723694;0;0;286.408935546875;False;[False, False, False];0;0
700.068;36.29199981689453;False;[8190, 8190, 8190, 8190, 8190, 8190, 8190, 338, 8190, 8190, 8190, 8190, 8190, 8190, 8190, 8190, 8190, 8190];1.59389328956604;0.5755726099014282;0.0183206107467413;-0.1141357421875;0.01523437537252903;1.131860375404358;0.662500023841858;1.150166630744934;0.5264166593551636;0;0;286.4102783203125;False;[False, False, False];0;0
700.304;36.29199981689453;False;[8190, 8190, 8190, 8190, 8190, 8190, 8190, 344, 8190, 8190, 8190, 8190, 8190, 8190, 8190, 8190, 8190, 8190];1.6305344104766846;0.5679389238357544;0.0183206107467413;-0.11723633110523224;0.0155029296875;1.1332275867462158;0.662916660308838;1.1520832777023315;0.5272499918937683;0;0;286.41510009765625;False;[False, False, False];0;0
700.616;36.29199981689453;False;[8190, 8190, 8190, 8190, 8190, 8190, 8190, 355, 8190, 8190, 8190, 8190, 8190, 8190, 8190, 8190, 8190, 8190];1.6061069965362549;0.5679389238357544;0.0824427455663681;-0.11391601711511612;0.01577148400247097;1.1314697265625;0.666249990463257;1.1583333015441895;0.5268333554267883;0;0;286.4297790527344;False;[False, False, False];0;0
700.919;36.29199981689453;False;[8190, 8190, 8190, 8190, 8190, 8190, 8190, 358, 8190, 8190, 8190, 8190, 8190, 8190, 8190, 8190, 8190, 8190];1.5908397436141968;0.5816794633865356;0.05038168281316757;-0.11330566555261612;0.01577148400247097;1.1348145008087158;0.665000021457672;1.1493333578109741;0.524749994277954;0;0;286.4428405761719;False;[False, False, False];0;0
701.225;36.29199981689453;False;[8190, 8190, 8190, 8190, 8190, 8190, 8190, 342, 8190, 8190, 8190, 8190, 8190, 8190, 8190, 8190, 8190, 8190];1.6244274377822876;0.5755725502967834;0.04427480325102806;-0.11479492485523224;0.01633300818502903;1.1302001476287842;0.6645833253860474;1.152916669845581;0.524749994277954;0;0;286.45391845703125;False;[False, False, False];0;0
701.295;36.29199981689453;False;[8190, 8190, 8190, 8190, 8190, 8190, 8190, 382, 8190, 8190, 8190, 8190, 8190, 8190, 8190, 8190, 8190, 8190];1.6152671575546265;0.552671790122986;0.050381679087877274;-0.11508788913488388;0.01547851599752903;1.130834937095642;0.6670833230018616;1.1541666984558105;0.5289166569709778;0;0;286.45684814453125;False;[False, False, False];0;0
701.36;36.29199981689453;False;[8190, 8190, 8190, 8190, 8190, 8190, 8190, 393, 8190, 8190, 8190, 8190, 8190, 8190, 8190, 8190, 8190, 8190];1.6091601848602295;0.570992350578308;0.04122137278318405;-0.11591796576976776;0.01669921912252903;1.1306641101837158;0.666249990463257;1.1570833921432495;0.527666687965393;0;0;286.4592590332031;False;[False, False, False];0;0
701.432;36.29199981689453;False;[8190, 8190, 8190, 8190, 8190, 8190, 8190, 357, 8190, 8190, 8190, 8190, 8190, 8190, 8190, 8190, 8190, 8190];1.5847328901290894;0.6076335310935974;0.02900763414800167;-0.1146240234375;0.015625;1.132910132408142;0.6739166378974915;1.1718332767486572;0.5260000228881836;0;0;286.4614562988281;False;[False, False, False];0;0
701.516;36.29199981689453;False;[8190, 8190, 8190, 8190, 8190, 8190, 8190, 341, 8190, 8190, 8190, 8190, 8190, 8190, 8190, 8190, 8190, 8190];1.598473310470581;0.554198443889618;0.02900763414800167;-0.11445312201976776;0.01628417894244194;1.1323974132537842;0.6616666913032532;1.15666663646698;0.5239166617393494;0;0;286.4635925292969;False;[False, False, False];0;0
701.841;36.29199981689453;False;[8190, 8190, 8190, 8190, 8190, 8190, 8190, 365, 8190, 8190, 8190, 8190, 8190, 8190, 8190, 8190, 8190, 8190];1.6122137308120728;0.6000000834465027;0.085496187210083;-0.11538086086511612;0.01606445387005806;1.1306641101837158;0.6641666889190674;1.1493333578109741;0.522083342075348;0;0;286.4827880859375;False;[False, False, False];0;0
702.153;36.29199981689453;False;[8190, 8190, 8190, 8190, 8190, 8190, 8190, 407, 8190, 8190, 8190, 8190, 8190, 8190, 8190, 8190, 8190, 8190];1.6534351110458374;0.5587786436080933;0.06412213295698166;-0.11406250298023224;0.01713867112994194;1.132299780845642;0.665000021457672;1.1554166078567505;0.5195833444595337;0;0;286.4973449707031;False;[False, False, False];0;0
702.219;36.29199981689453;False;[8190, 8190, 8190, 8190, 8190, 8190, 8190, 319, 8190, 8190, 8190, 8190, 8190, 8190, 8190, 8190, 8190, 8190];1.6351144313812256;0.6366411447525024;0.0625954195857048;-0.11459960788488388;0.01569824293255806;1.1327393054962158;0.6637499928474426;1.1545833349227905;0.522083342075348;0;0;286.5011901855469;False;[False, False, False];0;0
702.286;36.29199981689453;False;[8190, 8190, 8190, 8190, 8190, 8190, 8190, 334, 8190, 8190, 8190, 8190, 8190, 8190, 8190, 8190, 8190, 8190];1.6274808645248413;0.578625977039337;0.02442748285830021;-0.11513672024011612;0.01604003831744194;1.1320312023162842;0.6637499928474426;1.1545833349227905;0.5285000205039978;0;0;286.50384521484375;False;[False, False, False];0;0
702.355;36.29199981689453;False;[8190, 8190, 8190, 8190, 8190, 8190, 8190, 357, 8190, 8190, 8190, 8190, 8190, 8190, 8190, 8190, 8190, 8190];1.6076335906982422;0.6015267372131348;0.05343511700630188;-0.11333008110523224;0.016845703125;1.1339600086212158;0.6612499952316284;1.15625;0.528083324432373;0;0;286.5059814453125;False;[False, False, False];0;0
702.452;36.29199981689453;False;[8190, 8190, 8190, 8190, 8190, 8190, 8190, 340, 8190, 8190, 8190, 8190, 8190, 8190, 8190, 8190, 8190, 8190];1.6366411447525024;0.569465696811676;0.04580152779817581;-0.11367187649011612;0.01723632775247097;1.13134765625;0.6641666889190674;1.153333306312561;0.5285000205039978;0;0;286.5096740722656;False;[False, False, False];0;0
702.758;36.29199981689453;False;[8190, 8190, 8190, 8190, 8190, 8190, 8190, 320, 8190, 8190, 8190, 8190, 8190, 8190, 8190, 8190, 8190, 8190];1.632061243057251;0.583206057548523;0.027480918914079666;-0.11550293117761612;0.0167236328125;1.134521484375;0.662500023841858;1.1512500047683716;0.5229166746139526;0;0;286.52362060546875;False;[False, False, False];0;0
702.827;36.29199981689453;False;[8190, 8190, 8190, 8190, 8190, 8190, 8190, 358, 8190, 8190, 8190, 8190, 8190, 8190, 8190, 8190, 8190, 8190];1.5816794633865356;0.5954198241233826;0.0366412177681923;-0.1141357421875;0.01691894605755806;1.133642554283142;0.665000021457672;1.1505833864212036;0.5239166617393494;0;0;286.52545166015625;False;[False, False, False];0;0
702.899;36.29199981689453;False;[8190, 8190, 8190, 8190, 8190, 8190, 8190, 401, 8190, 8190, 8190, 8190, 8190, 8190, 8190, 8190, 8190, 8190];1.584733009338379;0.619847297668457;0.0656488537788391;-0.11416015774011612;0.012011718936264515;1.1331787109375;0.6633333563804626;1.15625;0.524749994277954;0;0;286.528564453125;False;[False, False, False];0;0
702.963;36.29199981689453;False;[8190, 8190, 8190, 8190, 8190, 8190, 8190, 321, 8190, 8190, 8190, 8190, 8190, 8190, 8190, 8190, 8190, 8190];1.5755726099014282;0.5267175436019897;0.04885496571660042;-0.11494140326976776;0.01652831956744194;1.128930687904358;0.6616666913032532;1.153333306312561;0.522083342075348;0;0;286.53155517578125;False;[False, False, False];0;0
703.028;36.29199981689453;False;[8190, 8190, 8190, 8190, 8190, 8190, 8190, 322, 8190, 8190, 8190, 8190, 8190, 8190, 8190, 8190, 8190, 8190];1.583206295967102;0.5541985034942627;0.007633587811142206;-0.1168212890625;0.014965820126235485;1.133276343345642;0.662916660308838;1.152916669845581;0.5204166769981384;0;0;286.533203125;False;[False, False, False];0;0
703.373;36.29199981689453;False;[8190, 8190, 8190, 8190, 8190, 8190, 8190, 344, 8190, 8190, 8190, 8190, 8190, 8190, 8190, 8190, 8190, 8190];1.610687017440796;0.549618363380432;0.06412214040756226;-0.1146240234375;0.0157470703125;1.1326904296875;0.6633333563804626;1.1541666984558105;0.524749994277954;0;0;286.5479431152344;False;[False, False, False];0;0
703.68;36.29199981689453;False;[8190, 8190, 8190, 8190, 8190, 8190, 8190, 365, 8190, 8190, 8190, 8190, 8190, 8190, 8190, 8190, 8190, 8190];1.6015266180038452;0.6091603636741638;0.0656488537788391;-0.11506347358226776;0.01594238355755806;1.129736304283142;0.6675000190734863;1.1575000286102295;0.524333357810974;0;0;286.5621643066406;False;[False, False, False];0;0
703.985;36.29199981689453;False;[8190, 8190, 8190, 8190, 8190, 8190, 8190, 333, 8190, 8190, 8190, 8190, 8190, 8190, 8190, 8190, 8190, 8190];1.5877864360809326;0.5832061171531677;0.035114504396915436;-0.11469726264476776;0.0155029296875;1.1317138671875;0.6675000190734863;1.1554166078567505;0.521250009536743;0;0;286.5742492675781;False;[False, False, False];0;0
704.297;36.29199981689453;False;[8190, 8190, 8190, 8190, 8190, 8190, 8190, 8190, 340, 8190, 8190, 8190, 8190, 8190, 8190, 8190, 8190, 8190];1.6396948099136353;0.6030534505844116;0.06106870248913765;-0.11447753757238388;0.01621093787252903;1.1307861804962158;0.6600000262260437;1.1579166650772095;0.524749994277954;0;0;286.5910949707031;False;[False, False, False];0;0
704.605;36.29199981689453;False;[8190, 8190, 8190, 8190, 8190, 8190, 8190, 8190, 319, 8190, 8190, 8190, 8190, 8190, 8190, 8190, 8190, 8190];1.6244275569915771;0.609160304069519;0.025954201817512512;-0.11579589545726776;0.01679687574505806;1.132055640220642;0.665000021457672;1.1505833864212036;0.5268333554267883;0;0;286.6095886230469;False;[False, False, False];0;0
704.914;36.29199981689453;False;[8190, 8190, 8190, 8190, 8190, 8190, 8190, 8190, 325, 8190, 8190, 8190, 8190, 8190, 8190, 8190, 8190, 8190];1.6320610046386719;0.552671730518341;0.015267176553606987;-0.11484374850988388;0.01723632775247097;1.132055640220642;0.662916660308838;1.1520832777023315;0.5285000205039978;0;0;286.6209411621094;False;[False, False, False];0;0
705.219;36.29199981689453;False;[8190, 8190, 8190, 8190, 8190, 8190, 8190, 8190, 368, 8190, 8190, 8190, 8190, 8190, 8190, 8190, 8190, 8190];1.6213741302490234;0.5648854970932007;0.06412213295698166;-0.11494140326976776;0.01677246019244194;1.132714867591858;0.6612499952316284;1.1545833349227905;0.527666687965393;0;0;286.6336975097656;False;[False, False, False];0;0
705.284;36.29199981689453;False;[8190, 8190, 8190, 8190, 8190, 8190, 8190, 8190, 346, 8190, 8190, 8190, 8190, 8190, 8190, 8190, 8190, 8190];1.6106868982315063;0.580152690410614;0.044274814426898956;-0.1156005859375;0.01743164099752903;1.1316649913787842;0.6645833253860474;1.1579166650772095;0.5229166746139526;0;0;286.63653564453125;False;[False, False, False];0;0
705.524;36.29199981689453;False;[8190, 8190, 8190, 8190, 8190, 8190, 8190, 8190, 329, 8190, 8190, 8190, 8190, 8190, 8190, 8190, 8190, 8190];1.5954198837280273;0.6229007840156555;0.0625954121351242;-0.11591796576976776;0.01689453050494194;1.132104516029358;0.659583330154419;1.1520832777023315;0.5264166593551636;0;0;286.6517639160156;False;[False, False, False];0;0
705.591;36.29199981689453;False;[8190, 8190, 8190, 8190, 8190, 8190, 8190, 8190, 356, 8190, 8190, 8190, 8190, 8190, 8190, 8190, 8190, 8190];1.6106868982315063;0.6152671575546265;0.04427481070160866;-0.11477050930261612;0.01718750037252903;1.132568359375;0.6612499952316284;1.15583336353302;0.521250009536743;0;0;286.65460205078125;False;[False, False, False];0;0
705.663;36.29199981689453;False;[8190, 8190, 8190, 8190, 8190, 8190, 8190, 8190, 372, 8190, 8190, 8190, 8190, 8190, 8190, 8190, 8190, 8190];1.6152671575546265;0.598473310470581;0.050381679087877274;-0.11430664360523224;0.01645507849752903;1.1340820789337158;0.6679166555404663;1.1570833921432495;0.5230833292007446;0;0;286.6570129394531;False;[False, False, False];0;0
705.731;36.29199981689453;False;[8190, 8190, 8190, 8190, 8190, 8190, 8190, 8190, 366, 8190, 8190, 8190, 8190, 8190, 8190, 8190, 8190, 8190];1.6167938709259033;0.5251908898353577;0.050381679087877274;-0.1141357421875;0.0166015625;1.131372094154358;0.6608333587646484;1.15625;0.521666646003723;0;0;286.65960693359375;False;[False, False, False];0;0
705.841;36.29199981689453;False;[8190, 8190, 8190, 8190, 8190, 8190, 8190, 8190, 383, 8190, 8190, 8190, 8190, 8190, 8190, 8190, 8190, 8190];1.6244274377822876;0.635114550590515;0.07175572216510773;-0.11408691108226776;0.01584472693502903;1.132055640220642;0.6670833230018616;1.1541666984558105;0.524749994277954;0;0;286.6659240722656;False;[False, False, False];0;0
705.934;36.29199981689453;False;[8190, 8190, 8190, 8190, 8190, 8190, 8190, 8190, 334, 8190, 8190, 8190, 8190, 8190, 8190, 8190, 8190, 8190];1.6351146697998047;0.5969465970993042;0.0656488537788391;-0.11467285454273224;0.01743164099752903;1.1337890625;0.6693333387374878;1.1545833349227905;0.527666687965393;0;0;286.6708068847656;False;[False, False, False];0;0
706.141;36.29199981689453;False;[8190, 8190, 8190, 8190, 8190, 8190, 8190, 8190, 328, 8190, 8190, 8190, 8190, 8190, 8190, 8190, 8190, 8190];1.6122137308120728;0.5374045968055725;0.04122137278318405;-0.11508788913488388;0.0166015625;1.1330077648162842;0.6645833253860474;1.1512500047683716;0.5268333554267883;0;0;286.6781005859375;False;[False, False, False];0;0
706.204;36.29199981689453;False;[8190, 8190, 8190, 8190, 8190, 8190, 8190, 8190, 339, 8190, 8190, 8190, 8190, 8190, 8190, 8190, 8190, 8190];1.610687017440796;0.538931369781494;0.0656488537788391;-0.11479492485523224;0.01628417894244194;1.132714867591858;0.6675000190734863;1.1549999713897705;0.5260000228881836;0;0;286.68072509765625;False;[False, False, False];0;0
706.272;36.29199981689453;False;[8190, 8190, 8190, 8190, 8190, 8190, 8190, 8190, 318, 8190, 8190, 8190, 8190, 8190, 8190, 8190, 8190, 8190];1.6274808645248413;0.570992350578308;0.05648855119943619;-0.11484374850988388;0.01645507849752903;1.130712866783142;0.6604166626930237;1.152916669845581;0.5229166746139526;0;0;286.6845703125;False;[False, False, False];0;0
706.44;36.29199981689453;False;[8190, 8190, 8190, 8190, 8190, 8190, 8190, 8190, 365, 8190, 8190, 8190, 8190, 8190, 8190, 8190, 8190, 8190];1.6152671575546265;0.5755725502967834;0.056488554924726486;-0.11411132663488388;0.015625;1.131127953529358;0.6670833230018616;1.152916669845581;0.527666687965393;0;0;286.693115234375;False;[False, False, False];0;0
706.758;36.29199981689453;False;[8190, 8190, 8190, 8190, 8190, 8190, 8190, 8190, 341, 8190, 8190, 8190, 8190, 8190, 8190, 8190, 8190, 8190];1.6152671575546265;0.5572519898414612;0.0198473297059536;-0.11484374850988388;0.01667480543255806;1.130273461341858;0.662083327770233;1.152500033378601;0.5289166569709778;0;0;286.7073669433594;False;[False, False, False];0;0
706.823;36.29199981689453;False;[8190, 8190, 8190, 8190, 8190, 8190, 8190, 8190, 361, 8190, 8190, 8190, 8190, 8190, 8190, 8190, 8190, 8190];1.6320610046386719;0.5679389238357544;0.013740457594394684;-0.11325683444738388;0.01665038987994194;1.1326904296875;0.6641666889190674;1.15666663646698;0.5229166746139526;0;0;286.70831298828125;False;[False, False, False];0;0
707.059;36.29199981689453;False;[8190, 8190, 8190, 8190, 8190, 8190, 8190, 8190, 367, 8190, 8190, 8190, 8190, 8190, 8190, 8190, 8190, 8190];1.61374032497406;0.5160305500030518;0.047328244894742966;-0.11406250298023224;0.01474609412252903;1.1332519054412842;0.662083327770233;1.15666663646698;0.528083324432373;0;0;286.7155456542969;False;[False, False, False];0;0
707.144;36.29199981689453;False;[8190, 8190, 8190, 8190, 8190, 8190, 8190, 8190, 361, 8190, 8190, 8190, 8190, 8190, 8190, 8190, 8190, 8190];1.6076335906982422;0.5572519302368164;0.05190839618444443;-0.114990234375;0.015063476748764515;1.133544921875;0.662500023841858;1.1520832777023315;0.5239166617393494;0;0;286.7190856933594;False;[False, False, False];0;0
707.368;36.29199981689453;False;[8190, 8190, 8190, 8190, 8190, 8190, 8190, 8190, 324, 8190, 8190, 8190, 8190, 8190, 8190, 8190, 8190, 8190];1.6015268564224243;0.5847328305244446;0.030534347519278526;-0.11494140326976776;0.017822265625;1.133764624595642;0.6759999990463257;1.1722500324249268;0.5285000205039978;0;0;286.7282409667969;False;[False, False, False];0;0
707.431;36.29199981689453;False;[8190, 8190, 8190, 8190, 8190, 8190, 8190, 8190, 384, 8190, 8190, 8190, 8190, 8190, 8190, 8190, 8190, 8190];1.6045801639556885;0.5862594842910767;0.0396946556866169;-0.11542968451976776;0.01662597618997097;1.1328613758087158;0.6616666913032532;1.15583336353302;0.522499978542328;0;0;286.7299499511719;False;[False, False, False];0;0
707.676;36.29199981689453;False;[8190, 8190, 8190, 8190, 8190, 8190, 8190, 8190, 343, 8190, 8190, 8190, 8190, 8190, 8190, 8190, 8190, 8190];1.610687017440796;0.6137404441833496;0.0183206107467413;-0.11567382514476776;0.0155029296875;1.130346655845642;0.6616666913032532;1.1549999713897705;0.527666687965393;0;0;286.73577880859375;False;[False, False, False];0;0
707.985;36.29199981689453;False;[8190, 8190, 8190, 8190, 8190, 8190, 8190, 8190, 381, 8190, 8190, 8190, 8190, 8190, 8190, 8190, 8190, 8190];1.607633352279663;0.5297709703445435;-0.030534351244568825;-0.11447753757238388;0.015429687686264515;1.1334717273712158;0.6641666889190674;1.152916669845581;0.5285000205039978;0;0;286.74420166015625;False;[False, False, False];0;0
708.053;36.29199981689453;False;[8190, 8190, 8190, 8190, 8190, 8190, 8190, 8190, 336, 8190, 8190, 8190, 8190, 8190, 8190, 8190, 8190, 8190];1.5908399820327759;0.580152690410614;-0.02900763414800167;-0.11525879055261612;0.01640624925494194;1.13330078125;0.6666666865348816;1.1549999713897705;0.5260000228881836;0;0;286.74237060546875;False;[False, False, False];0;0
708.123;36.29199981689453;False;[8190, 8190, 8190, 8190, 8190, 8190, 8190, 8190, 332, 8190, 8190, 8190, 8190, 8190, 8190, 8190, 8190, 8190];1.6091601848602295;0.561832070350647;0.05190839618444443;-0.1141357421875;0.016357421875;1.132836937904358;0.6608333587646484;1.153749942779541;0.5260000228881836;0;0;286.7446594238281;False;[False, False, False];0;0
708.195;36.29199981689453;False;[8190, 8190, 8190, 8190, 8190, 8190, 8190, 8190, 341, 8190, 8190, 8190, 8190, 8190, 8190, 8190, 8190, 8190];1.600000023841858;0.6015267372131348;0.085496187210083;-0.11540527641773224;0.0164794921875;1.1327393054962158;0.6675000190734863;1.1493333578109741;0.5264166593551636;0;0;286.74945068359375;False;[False, False, False];0;0
708.264;36.29199981689453;False;[8190, 8190, 8190, 8190, 8190, 8190, 8190, 8190, 351, 8190, 8190, 8190, 8190, 8190, 8190, 8190, 8190, 8190];1.6045801639556885;0.6106870770454407;0.038167934864759445;-0.1151123046875;0.015380859375;1.129736304283142;0.6641666889190674;1.1579166650772095;0.5264166593551636;0;0;286.7518310546875;False;[False, False, False];0;0
708.339;36.29199981689453;False;[8190, 8190, 8190, 8190, 8190, 8190, 8190, 8190, 309, 8190, 8190, 8190, 8190, 8190, 8190, 8190, 8190, 8190];1.5954197645187378;0.590839684009552;0.05648855119943619;-0.11447753757238388;0.01579589769244194;1.1333739757537842;0.6633333563804626;1.150166630744934;0.5264166593551636;0;0;286.7527160644531;False;[False, False, False];0;0
708.598;36.29199981689453;False;[8190, 8190, 8190, 8190, 8190, 8190, 8190, 8190, 364, 8190, 8190, 8190, 8190, 8190, 8190, 8190, 8190, 8190];1.583206057548523;0.570992350578308;0.0427480898797512;-0.114990234375;0.01711425743997097;1.1315429210662842;0.666249990463257;1.15583336353302;0.5208333134651184;0;0;286.7606201171875;False;[False, False, False];0;0
708.907;36.29199981689453;False;[8190, 8190, 8190, 8190, 8190, 8190, 8190, 8190, 317, 8190, 8190, 8190, 8190, 8190, 8190, 8190, 8190, 8190];1.6229006052017212;0.5541985034942627;0.04427481070160866;-0.115234375;0.01704101637005806;1.1322021484375;0.6641666889190674;1.1570833921432495;0.5229166746139526;0;0;286.7713623046875;False;[False, False, False];0;0
709.214;36.29199981689453;False;[8190, 8190, 8190, 8190, 8190, 8190, 8190, 8190, 377, 8190, 8190, 8190, 8190, 8190, 8190, 8190, 8190, 8190];1.598473310470581;0.6366412043571472;0.05648855119943619;-0.11447753757238388;0.01625976525247097;1.132104516029358;0.6608333587646484;1.153749942779541;0.5239166617393494;0;0;286.786865234375;False;[False, False, False];0;0
709.282;36.29199981689453;False;[8190, 8190, 8190, 8190, 8190, 8190, 8190, 8190, 364, 8190, 8190, 8190, 8190, 8190, 8190, 8190, 8190, 8190];1.5923664569854736;0.5832061171531677;0.07022900134325027;-0.11333008110523224;0.01584472693502903;1.1334717273712158;0.6670833230018616;1.1545833349227905;0.527666687965393;0;0;286.7903747558594;False;[False, False, False];0;0
709.522;36.29199981689453;False;[8190, 8190, 8190, 8190, 8190, 8190, 8190, 8190, 308, 8190, 8190, 8190, 8190, 8190, 8190, 8190, 8190, 8190];1.6229007244110107;0.5541985034942627;0.05190839618444443;-0.11586914211511612;0.01716308668255806;1.1325194835662842;0.6645833253860474;1.1520832777023315;0.5235000252723694;0;0;286.8048095703125;False;[False, False, False];0;0
709.592;36.29199981689453;False;[8190, 8190, 8190, 8190, 8190, 8190, 8190, 8190, 347, 8190, 8190, 8190, 8190, 8190, 8190, 8190, 8190, 8190];1.6274808645248413;0.552671730518341;0.015267176553606987;-0.11418457329273224;0.01499023474752903;1.131323218345642;0.6616666913032532;1.1570833921432495;0.5229166746139526;0;0;286.804443359375;False;[False, False, False];0;0
709.66;36.29199981689453;False;[8190, 8190, 8190, 8190, 8190, 8190, 8190, 8190, 354, 8190, 8190, 8190, 8190, 8190, 8190, 8190, 8190, 8190];1.6381679773330688;0.554198443889618;0.035114504396915436;-0.11447753757238388;0.01616210862994194;1.130029320716858;0.6600000262260437;1.1545833349227905;0.5268333554267883;0;0;286.8052062988281;False;[False, False, False];0;0
709.731;36.29199981689453;False;[8190, 8190, 8190, 8190, 8190, 8190, 8190, 8190, 401, 8190, 8190, 8190, 8190, 8190, 8190, 8190, 8190, 8190];1.6396948099136353;0.5847328305244446;-0.0015267174458131194;-0.11469726264476776;0.0167236328125;1.131860375404358;0.662916660308838;1.1516666412353516;0.5230833292007446;0;0;286.8070068359375;False;[False, False, False];0;0
709.804;36.29199981689453;False;[8190, 8190, 8190, 8190, 8190, 8190, 8190, 8190, 374, 8190, 8190, 8190, 8190, 8190, 8190, 8190, 8190, 8190];1.5999999046325684;0.5648854970932007;0.0595419816672802;-0.11394043266773224;0.01674804650247097;1.131811499595642;0.662500023841858;1.1575000286102295;0.5260000228881836;0;0;286.80810546875;False;[False, False, False];0;0
710.129;36.29199981689453;False;[8190, 8190, 8190, 8190, 8190, 8190, 8190, 8190, 372, 8190, 8190, 8190, 8190, 8190, 8190, 8190, 8190, 8190];1.6137405633926392;0.5832061171531677;-0.021374046802520752;-0.11345215141773224;0.01611328125;1.1344482898712158;0.6633333563804626;1.159166693687439;0.525583326816559;0;0;286.8207092285156;False;[False, False, False];0;0
710.199;36.29199981689453;False;[8190, 8190, 8190, 8190, 8190, 8190, 8190, 8190, 357, 8190, 8190, 8190, 8190, 8190, 8190, 8190, 8190, 8190];1.6381679773330688;0.600000023841858;0.06106870248913765;-0.1141357421875;0.01640624925494194;1.1358153820037842;0.662916660308838;1.159583330154419;0.5229166746139526;0;0;286.82293701171875;False;[False, False, False];0;0
710.271;36.29199981689453;False;[8190, 8190, 8190, 8190, 8190, 8190, 8190, 8190, 406, 8190, 8190, 8190, 8190, 8190, 8190, 8190, 8190, 8190];1.6458015441894531;0.5557251572608948;0.11755724996328354;-0.11406250298023224;0.01547851599752903;1.134765625;0.6645833253860474;1.1512500047683716;0.5285000205039978;0;0;286.82830810546875;False;[False, False, False];0;0
710.344;36.29199981689453;False;[8190, 8190, 8190, 8190, 8190, 8190, 8190, 8190, 341, 8190, 8190, 8190, 8190, 8190, 8190, 8190, 8190, 8190];1.636641263961792;0.5389313101768494;0.027480918914079666;-0.11467285454273224;0.01701660081744194;1.1326172351837158;0.6608333587646484;1.1549999713897705;0.525583326816559;0;0;286.8294982910156;False;[False, False, False];0;0
710.412;36.29199981689453;False;[8190, 8190, 8190, 8190, 8190, 8190, 8190, 8190, 345, 8190, 8190, 8190, 8190, 8190, 8190, 8190, 8190, 8190];1.6091601848602295;0.5847327709197998;0.0656488537788391;-0.1138916015625;0.01625976525247097;1.1334228515625;0.6670833230018616;1.152916669845581;0.5260000228881836;0;0;286.8312683105469;False;[False, False, False];0;0
710.476;36.29199981689453;False;[8190, 8190, 8190, 8190, 8190, 8190, 8190, 8190, 332, 8190, 8190, 8190, 8190, 8190, 8190, 8190, 8190, 8190];1.600000023841858;0.569465696811676;0.05648855119943619;-0.11369629204273224;0.0166015625;1.131860375404358;0.6633333563804626;1.15666663646698;0.5235000252723694;0;0;286.83453369140625;False;[False, False, False];0;0
710.543;36.29199981689453;False;[8190, 8190, 8190, 8190, 8190, 8190, 8190, 8190, 314, 8190, 8190, 8190, 8190, 8190, 8190, 8190, 8190, 8190];1.5969467163085938;0.581679344177246;0.06717557460069656;-0.11528320610523224;0.01687011681497097;1.131103515625;0.6612499952316284;1.15625;0.525583326816559;0;0;286.8375244140625;False;[False, False, False];0;0
710.615;36.29199981689453;False;[8190, 8190, 8190, 8190, 8190, 8190, 8190, 8190, 352, 8190, 8190, 8190, 8190, 8190, 8190, 8190, 8190, 8190];1.619847297668457;0.5633587837219238;0.04427480697631836;-0.11445312201976776;0.01628417894244194;1.1317870616912842;0.6637499928474426;1.152500033378601;0.5272499918937683;0;0;286.84112548828125;False;[False, False, False];0;0
710.742;36.29199981689453;False;[8190, 8190, 8190, 8190, 8190, 8190, 8190, 8190, 360, 8190, 8190, 8190, 8190, 8190, 8190, 8190, 8190, 8190];1.6106868982315063;0.6244274377822876;0.0595419891178608;-0.1148681640625;0.01645507849752903;1.132470726966858;0.662916660308838;1.15583336353302;0.5264166593551636;0;0;286.8450012207031;False;[False, False, False];0;0
710.807;36.29199981689453;False;[8190, 8190, 8190, 8190, 8190, 8190, 8190, 8190, 390, 8190, 8190, 8190, 8190, 8190, 8190, 8190, 8190, 8190];1.619847297668457;0.5511450171470642;0.08396947383880615;-0.11525879055261612;0.01682128943502903;1.1357421875;0.6641666889190674;1.153333306312561;0.521666646003723;0;0;286.8485412597656;False;[False, False, False];0;0
710.875;36.29199981689453;False;[8190, 8190, 8190, 8190, 8190, 8190, 8190, 8190, 347, 8190, 8190, 8190, 8190, 8190, 8190, 8190, 8190, 8190];1.6015268564224243;0.6045801043510437;0.04427481070160866;-0.11528320610523224;0.0169677734375;1.132959008216858;0.6645833253860474;1.1549999713897705;0.5260000228881836;0;0;286.85247802734375;False;[False, False, False];0;0
711.057;36.29199981689453;False;[8190, 8190, 8190, 8190, 8190, 8190, 8190, 8190, 368, 8190, 8190, 8190, 8190, 8190, 8190, 8190, 8190, 8190];1.6091601848602295;0.609160304069519;0.04885496199131012;-0.11093749850988388;0.01682128943502903;1.132226586341858;0.662916660308838;1.15625;0.527666687965393;0;0;286.860595703125;False;[False, False, False];0;0
711.125;36.29199981689453;False;[8190, 8190, 8190, 8190, 8190, 8190, 8190, 8190, 374, 8190, 8190, 8190, 8190, 8190, 8190, 8190, 8190, 8190];1.6076335906982422;0.54351145029068;0.03511450067162514;-0.1138916015625;0.015087890438735485;1.13427734375;0.662500023841858;1.1616666316986084;0.5260000228881836;0;0;286.8631591796875;False;[False, False, False];0;0
711.189;36.29199981689453;False;[8190, 8190, 8190, 8190, 8190, 8190, 8190, 8190, 361, 8190, 8190, 8190, 8190, 8190, 8190, 8190, 8190, 8190];1.6152671575546265;0.5282443165779114;0.013740457594394684;-0.11357422173023224;0.01601562462747097;1.1354248523712158;0.662083327770233;1.15625;0.5235000252723694;0;0;286.86492919921875;False;[False, False, False];0;0
711.259;36.29199981689453;False;[8190, 8190, 8190, 8190, 8190, 8190, 8190, 8190, 376, 8190, 8190, 8190, 8190, 8190, 8190, 8190, 8190, 8190];1.6015266180038452;0.532824456691742;0.02442748285830021;-0.11472167819738388;0.01662597618997097;1.133276343345642;0.6666666865348816;1.153333306312561;0.5272499918937683;0;0;286.8661193847656;False;[False, False, False];0;0
711.33;36.29199981689453;False;[8190, 8190, 8190, 8190, 8190, 8190, 8190, 8190, 334, 8190, 8190, 8190, 8190, 8190, 8190, 8190, 8190, 8190];1.6137405633926392;0.5511450171470642;0.02442748099565506;-0.11513672024011612;0.01523437537252903;1.1322753429412842;0.665833353996277;1.159166693687439;0.531000018119812;0;0;286.8675842285156;False;[False, False, False];0;0
711.4;36.29199981689453;False;[8190, 8190, 8190, 8190, 8190, 8190, 8190, 8190, 353, 8190, 8190, 8190, 8190, 8190, 8190, 8190, 8190, 8190];1.6152671575546265;0.5465649366378784;0.0656488537788391;-0.1138916015625;0.015576171688735485;1.1321532726287842;0.6645833253860474;1.1545833349227905;0.5289166569709778;0;0;286.8703308105469;False;[False, False, False];0;0
711.471;36.29199981689453;False;[8190, 8190, 8190, 8190, 8190, 8190, 8190, 8190, 394, 8190, 8190, 8190, 8190, 8190, 8190, 8190, 8190, 8190];1.6015268564224243;0.58931303024292;0.05038168281316757;-0.11491699516773224;0.0177001953125;1.131372094154358;0.665000021457672;1.1554166078567505;0.521250009536743;0;0;286.8739013671875;False;[False, False, False];0;0
711.541;36.29199981689453;False;[8190, 8190, 8190, 8190, 8190, 8190, 8190, 8190, 365, 8190, 8190, 8190, 8190, 8190, 8190, 8190, 8190, 8190];1.619847297668457;0.5755725502967834;0.05801526829600334;-0.11442871391773224;0.0174560546875;1.132714867591858;0.665416657924652;1.1549999713897705;0.5235000252723694;0;0;286.87725830078125;False;[False, False, False];0;0
711.611;36.29199981689453;False;[8190, 8190, 8190, 8190, 8190, 8190, 8190, 8190, 342, 8190, 8190, 8190, 8190, 8190, 8190, 8190, 8190, 8190];1.6061069965362549;0.609160304069519;0.027480918914079666;-0.11328125;0.01779785193502903;1.132177710533142;0.6675000190734863;1.15583336353302;0.524749994277954;0;0;286.8795166015625;False;[False, False, False];0;0
711.676;36.29199981689453;False;[8190, 8190, 8190, 8190, 8190, 8190, 8190, 8190, 370, 8190, 8190, 8190, 8190, 8190, 8190, 8190, 8190, 8190];1.6351144313812256;0.5648854970932007;0.06717557460069656;-0.11481933295726776;0.01606445387005806;1.133081078529358;0.6616666913032532;1.1579166650772095;0.527666687965393;0;0;286.8824768066406;False;[False, False, False];0;0
711.969;36.29199981689453;False;[8190, 8190, 8190, 8190, 8190, 8190, 8190, 8190, 339, 8190, 8190, 8190, 8190, 8190, 8190, 8190, 8190, 8190];1.6167938709259033;0.6076335906982422;0.0198473297059536;-0.11403808742761612;0.01706543006002903;1.1322021484375;0.662083327770233;1.1512500047683716;0.5289166569709778;0;0;286.90185546875;False;[False, False, False];0;0
712.285;36.29199981689453;False;[8190, 8190, 8190, 8190, 8190, 8190, 8190, 8190, 347, 8190, 8190, 8190, 8190, 8190, 8190, 8190, 8190, 8190];1.610687017440796;0.5648854970932007;0.05190839618444443;-0.11528320610523224;0.01552734337747097;1.1312987804412842;0.662083327770233;1.1549999713897705;0.5260000228881836;0;0;286.9103088378906;False;[False, False, False];0;0
712.355;36.29199981689453;False;[8190, 8190, 8190, 8190, 8190, 8190, 8190, 8190, 328, 8190, 8190, 8190, 8190, 8190, 8190, 8190, 8190, 8190];1.6458015441894531;0.5954198241233826;0.03358779102563858;-0.11567382514476776;0.01774902269244194;1.134497046470642;0.662083327770233;1.1493333578109741;0.5264166593551636;0;0;286.9135437011719;False;[False, False, False];0;0
712.594;36.29199981689453;False;[8190, 8190, 8190, 8190, 8190, 8190, 8190, 8190, 350, 8190, 8190, 8190, 8190, 8190, 8190, 8190, 8190, 8190];1.6381679773330688;0.5740457773208618;0.0656488612294197;-0.11386718600988388;0.01748046837747097;1.1321532726287842;0.677666664123535;1.1697499752044678;0.528083324432373;0;0;286.9239807128906;False;[False, False, False];0;0
712.664;36.29199981689453;False;[8190, 8190, 8190, 8190, 8190, 8190, 8190, 8190, 311, 8190, 8190, 8190, 8190, 8190, 8190, 8190, 8190, 8190];1.6015268564224243;0.5664122700691223;0.050381679087877274;-0.11530761420726776;0.0159912109375;1.134033203125;0.665000021457672;1.152916669845581;0.5239166617393494;0;0;286.9278564453125;False;[False, False, False];0;0
712.732;36.29199981689453;False;[8190, 8190, 8190, 8190, 8190, 8190, 8190, 8190, 373, 8190, 8190, 8190, 8190, 8190, 8190, 8190, 8190, 8190];1.6091601848602295;0.6045801639556885;0.0396946594119072;-0.11391601711511612;0.01567382737994194;1.1332275867462158;0.6641666889190674;1.1554166078567505;0.522499978542328;0;0;286.9304504394531;False;[False, False, False];0;0
712.805;36.29199981689453;False;[8190, 8190, 8190, 8190, 8190, 8190, 8190, 8190, 8190, 384, 8190, 8190, 8190, 8190, 8190, 8190, 8190, 8190];1.632061243057251;0.5969465970993042;0.022900763899087906;-0.11372070014476776;0.012866211123764515;1.1341063976287842;0.666249990463257;1.152500033378601;0.5235000252723694;0;0;286.9325256347656;False;[False, False, False];0;0
712.896;36.29199981689453;False;[8190, 8190, 8190, 8190, 8190, 8190, 8190, 8190, 8190, 400, 8190, 8190, 8190, 8190, 8190, 8190, 8190, 8190];1.6412214040756226;0.5389313101768494;0.03358778730034828;-0.11525879055261612;0.01665038987994194;1.131323218345642;0.665416657924652;1.1520832777023315;0.522499978542328;0;0;286.9348449707031;False;[False, False, False];0;0
712.968;36.29199981689453;False;[8190, 8190, 8190, 8190, 8190, 8190, 8190, 8190, 8190, 387, 8190, 8190, 8190, 8190, 8190, 8190, 8190, 8190];1.6274808645248413;0.545038104057312;0.03206107020378113;-0.11525879055261612;0.01604003831744194;1.1306884288787842;0.6645833253860474;1.1520832777023315;0.524749994277954;0;0;286.9368591308594;False;[False, False, False];0;0
713.04;36.29199981689453;False;[8190, 8190, 8190, 8190, 8190, 8190, 8190, 8190, 8190, 335, 8190, 8190, 8190, 8190, 8190, 8190, 8190, 8190];1.6122137308120728;0.5679389238357544;0.0366412214934826;-0.11604003608226776;0.01748046837747097;1.132348656654358;0.6645833253860474;1.1575000286102295;0.5235000252723694;0;0;286.93902587890625;False;[False, False, False];0;0
713.2;36.29199981689453;False;[8190, 8190, 8190, 8190, 8190, 8190, 8190, 8190, 8190, 359, 8190, 8190, 8190, 8190, 8190, 8190, 8190, 8190];1.642748236656189;0.5465649366378784;0.02900763414800167;-0.11379394680261612;0.01643066480755806;1.1335937976837158;0.6679166555404663;1.150166630744934;0.525166690349579;0;0;286.94451904296875;False;[False, False, False];0;0
713.512;36.29199981689453;False;[8190, 8190, 8190, 8190, 8190, 8190, 8190, 8190, 8190, 326, 8190, 8190, 8190, 8190, 8190, 8190, 8190, 8190];1.610687017440796;0.5679389238357544;0.02900763414800167;-0.1131591796875;0.0185546875;1.1338622570037842;0.6600000262260437;1.152500033378601;0.525583326816559;0;0;286.9527282714844;False;[False, False, False];0;0
713.572;36.29199981689453;False;[8190, 8190, 8190, 8190, 8190, 8190, 8190, 8190, 8190, 323, 8190, 8190, 8190, 8190, 8190, 8190, 8190, 8190];1.632061243057251;0.5694656372070312;0.04885496199131012;-0.11347655951976776;0.0174560546875;1.132910132408142;0.6670833230018616;1.159999966621399;0.5268333554267883;0;0;286.9548034667969;False;[False, False, False];0;0
713.644;36.29199981689453;False;[8190, 8190, 8190, 8190, 8190, 8190, 8190, 8190, 8190, 345, 8190, 8190, 8190, 8190, 8190, 8190, 8190, 8190];1.61832070350647;0.587786316871643;0.0793893188238144;-0.11428222805261612;0.01606445387005806;1.1322510242462158;0.6697499752044678;1.1575000286102295;0.5272499918937683;0;0;286.9581604003906;False;[False, False, False];0;0
713.813;36.29199981689453;False;[8190, 8190, 8190, 8190, 8190, 8190, 8190, 8190, 8190, 347, 8190, 8190, 8190, 8190, 8190, 8190, 8190, 8190];1.6290076971054077;0.60610693693161;0.04885496199131012;-0.11652831733226776;0.01730957068502903;1.132299780845642;0.6670833230018616;1.152916669845581;0.5230833292007446;0;0;286.96710205078125;False;[False, False, False];0;0
713.882;36.29199981689453;False;[8190, 8190, 8190, 8190, 8190, 8190, 8190, 8190, 8190, 391, 8190, 8190, 8190, 8190, 8190, 8190, 8190, 8190];1.6335878372192383;0.5770992636680603;0.0763358771800995;-0.11396484076976776;0.01679687574505806;1.132714867591858;0.665833353996277;1.15625;0.525166690349579;0;0;286.97113037109375;False;[False, False, False];0;0
713.952;36.29199981689453;False;[8190, 8190, 8190, 8190, 8190, 8190, 8190, 8190, 8190, 333, 8190, 8190, 8190, 8190, 8190, 8190, 8190, 8190];1.6030534505844116;0.549618363380432;0.05648855119943619;-0.11557617038488388;0.01640624925494194;1.131689429283142;0.6616666913032532;1.15666663646698;0.5268333554267883;0;0;286.9743957519531;False;[False, False, False];0;0
714.024;36.29199981689453;False;[8190, 8190, 8190, 8190, 8190, 8190, 8190, 8190, 8190, 370, 8190, 8190, 8190, 8190, 8190, 8190, 8190, 8190];1.604580283164978;0.5832061171531677;0.0427480936050415;-0.11696777492761612;0.0166015625;1.1331055164337158;0.662916660308838;1.152916669845581;0.521666646003723;0;0;286.97711181640625;False;[False, False, False];0;0
714.096;36.29199981689453;False;[8190, 8190, 8190, 8190, 8190, 8190, 8190, 8190, 8190, 340, 8190, 8190, 8190, 8190, 8190, 8190, 8190, 8190];1.6152671575546265;0.6335877180099487;0.0427480898797512;-0.11376953125;0.01596679724752903;1.133569359779358;0.666249990463257;1.152916669845581;0.5268333554267883;0;0;286.97967529296875;False;[False, False, False];0;0
714.16;36.29199981689453;False;[8190, 8190, 8190, 8190, 8190, 8190, 8190, 8190, 8190, 316, 8190, 8190, 8190, 8190, 8190, 8190, 8190, 8190];1.658015489578247;0.6229007244110107;0.047328244894742966;-0.11518554389476776;0.01616210862994194;1.134008765220642;0.666249990463257;1.1512500047683716;0.522083342075348;0;0;286.98211669921875;False;[False, False, False];0;0
714.231;36.29199981689453;False;[8190, 8190, 8190, 8190, 8190, 8190, 8190, 8190, 8190, 345, 8190, 8190, 8190, 8190, 8190, 8190, 8190, 8190];1.6122134923934937;0.5908397436141968;0.04580152779817581;-0.11513672024011612;0.01657714881002903;1.132788062095642;0.662083327770233;1.1512500047683716;0.525166690349579;0;0;286.98486328125;False;[False, False, False];0;0
714.302;36.29199981689453;False;[8190, 8190, 8190, 8190, 8190, 8190, 8190, 8190, 8190, 338, 8190, 8190, 8190, 8190, 8190, 8190, 8190, 8190];1.632061243057251;0.6061068773269653;0.027480918914079666;-0.11420898139476776;0.01604003831744194;1.135351538658142;0.6604166626930237;1.152500033378601;0.5289166569709778;0;0;286.9874267578125;False;[False, False, False];0;0
714.372;36.29199981689453;False;[8190, 8190, 8190, 8190, 8190, 8190, 8190, 8190, 8190, 336, 8190, 8190, 8190, 8190, 8190, 8190, 8190, 8190];1.619847297668457;0.5984732508659363;0.025954198092222214;-0.11525879055261612;0.01689453050494194;1.1355712413787842;0.662083327770233;1.153749942779541;0.524333357810974;0;0;286.98907470703125;False;[False, False, False];0;0
714.441;36.29199981689453;False;[8190, 8190, 8190, 8190, 8190, 8190, 8190, 8190, 8190, 409, 8190, 8190, 8190, 8190, 8190, 8190, 8190, 8190];1.6290076971054077;0.6320610642433167;0.0763358846306801;-0.11579589545726776;0.01633300818502903;1.133154273033142;0.6612499952316284;1.153333306312561;0.525166690349579;0;0;286.99169921875;False;[False, False, False];0;0
714.509;36.29199981689453;False;[8190, 8190, 8190, 8190, 8190, 8190, 8190, 8190, 8190, 348, 8190, 8190, 8190, 8190, 8190, 8190, 8190, 8190];1.6213741302490234;0.6244274377822876;0.07480915635824203;-0.11591796576976776;0.0164794921875;1.134912133216858;0.665000021457672;1.1512500047683716;0.524749994277954;0;0;286.99627685546875;False;[False, False, False];0;0
714.584;36.29199981689453;False;[8190, 8190, 8190, 8190, 8190, 8190, 8190, 8190, 8190, 380, 8190, 8190, 8190, 8190, 8190, 8190, 8190, 8190];1.6167938709259033;0.600000023841858;0.03358778730034828;-0.11418457329273224;0.015087890438735485;1.1319580078125;0.6633333563804626;1.152916669845581;0.524749994277954;0;0;287;False;[False, False, False];0;0
714.652;36.29199981689453;False;[8190, 8190, 8190, 8190, 8190, 8190, 8190, 8190, 8190, 378, 8190, 8190, 8190, 8190, 8190, 8190, 8190, 8190];1.6091601848602295;0.5969465970993042;0.02442748285830021;-0.11494140326976776;0.015087890438735485;1.1317627429962158;0.6637499928474426;1.153749942779541;0.5230833292007446;0;0;287.0014953613281;False;[False, False, False];0;0
714.72;36.29199981689453;False;[8190, 8190, 8190, 8190, 8190, 8190, 8190, 8190, 8190, 384, 8190, 8190, 8190, 8190, 8190, 8190, 8190, 8190];1.625954270362854;0.5770992040634155;0.00916030537337065;-0.11391601711511612;0.01499023474752903;1.131250023841858;0.662916660308838;1.15583336353302;0.525166690349579;0;0;287.0023498535156;False;[False, False, False];0;0
714.805;36.29199981689453;False;[8190, 8190, 8190, 8190, 8190, 8190, 8190, 8190, 8190, 380, 8190, 8190, 8190, 8190, 8190, 8190, 8190, 8190];1.625954031944275;0.6152671575546265;0.0198473297059536;-0.11325683444738388;0.0167236328125;1.1372802257537842;0.6576666831970215;1.1545833349227905;0.5264166593551636;0;0;287.00360107421875;False;[False, False, False];0;0
714.873;36.29199981689453;False;[8190, 8190, 8190, 8190, 8190, 8190, 8190, 8190, 8190, 383, 8190, 8190, 8190, 8190, 8190, 8190, 8190, 8190];1.6396945714950562;0.572519063949585;0.030534351244568825;-0.11469726264476776;0.01630859449505806;1.1324951648712158;0.6675000190734863;1.1554166078567505;0.521666646003723;0;0;287.0052490234375;False;[False, False, False];0;0
714.944;36.29199981689453;False;[8190, 8190, 8190, 8190, 8190, 8190, 8190, 8190, 8190, 384, 8190, 8190, 8190, 8190, 8190, 8190, 8190, 8190];1.6183204650878906;0.6274808645248413;0.04427480697631836;-0.11249999701976776;0.016357421875;1.133081078529358;0.662916660308838;1.152500033378601;0.5272499918937683;0;0;287.0072326660156;False;[False, False, False];0;0
715.015;36.29199981689453;False;[8190, 8190, 8190, 8190, 8190, 8190, 8190, 8190, 8190, 368, 8190, 8190, 8190, 8190, 8190, 8190, 8190, 8190];1.6320610046386719;0.5938931107521057;0.027480918914079666;-0.11362304538488388;0.01611328125;1.133056640625;0.662916660308838;1.153749942779541;0.5235000252723694;0;0;287.0097961425781;False;[False, False, False];0;0
715.087;36.29199981689453;False;[8190, 8190, 8190, 8190, 8190, 8190, 8190, 8190, 8190, 325, 8190, 8190, 8190, 8190, 8190, 8190, 8190, 8190];1.6305341720581055;0.5770992040634155;0.05190839618444443;-0.11435546725988388;0.01677246019244194;1.1300048828125;0.6675000190734863;1.1512500047683716;0.5230833292007446;0;0;287.0119323730469;False;[False, False, False];0;0
715.152;36.29199981689453;False;[8190, 8190, 8190, 8190, 8190, 8190, 8190, 8190, 8190, 381, 8190, 8190, 8190, 8190, 8190, 8190, 8190, 8190];1.6396945714950562;0.570992350578308;0.025954198092222214;-0.11484374850988388;0.01640624925494194;1.1311767101287842;0.6645833253860474;1.1570833921432495;0.521250009536743;0;0;287.0142822265625;False;[False, False, False];0;0
715.219;36.29199981689453;False;[8190, 8190, 8190, 8190, 8190, 8190, 8190, 8190, 8190, 355, 8190, 8190, 8190, 8190, 8190, 8190, 8190, 8190];1.6335875988006592;0.5664122700691223;0.021374046802520752;-0.11545410007238388;0.01579589769244194;1.1314697265625;0.6675000190734863;1.15666663646698;0.5272499918937683;0;0;287.0155334472656;False;[False, False, False];0;0
715.285;36.29199981689453;False;[8190, 8190, 8190, 8190, 8190, 8190, 8190, 8190, 8190, 405, 8190, 8190, 8190, 8190, 8190, 8190, 8190, 8190];1.6167938709259033;0.552671730518341;0.01221374049782753;-0.11484374850988388;0.01655273512005806;1.130859375;0.6608333587646484;1.1545833349227905;0.5260000228881836;0;0;287.0166320800781;False;[False, False, False];0;0
715.354;36.29199981689453;False;[8190, 8190, 8190, 8190, 8190, 8190, 8190, 8190, 8190, 301, 8190, 8190, 8190, 8190, 8190, 8190, 8190, 8190];1.6244275569915771;0.627480924129486;0.05038168281316757;-0.11018066108226776;0.01735839806497097;1.130761742591858;0.666249990463257;1.1476666927337646;0.524333357810974;0;0;287.0185546875;False;[False, False, False];0;0
715.411;36.29199981689453;False;[8190, 8190, 8190, 8190, 8190, 8190, 8190, 8190, 8190, 374, 8190, 8190, 8190, 8190, 8190, 8190, 8190, 8190];1.6335878372192383;0.6122137904167175;0.05343511700630188;-0.11345215141773224;0.01791992224752903;1.131250023841858;0.6679166555404663;1.1549999713897705;0.525583326816559;0;0;287.02117919921875;False;[False, False, False];0;0
715.476;36.29199981689453;False;[8190, 8190, 8190, 8190, 8190, 8190, 8190, 8190, 8190, 397, 8190, 8190, 8190, 8190, 8190, 8190, 8190, 8190];1.6351146697998047;0.570992350578308;0.0427480898797512;-0.1138916015625;0.01774902269244194;1.133813500404358;0.6637499928474426;1.159166693687439;0.5230833292007446;0;0;287.0238037109375;False;[False, False, False];0;0
715.543;36.29199981689453;False;[8190, 8190, 8190, 8190, 8190, 8190, 8190, 8190, 8190, 391, 8190, 8190, 8190, 8190, 8190, 8190, 8190, 8190];1.6290076971054077;0.5389312505722046;0.015267175622284412;-0.11577148735523224;0.01667480543255806;1.133056640625;0.665000021457672;1.1512500047683716;0.5208333134651184;0;0;287.0260925292969;False;[False, False, False];0;0
715.617;36.29199981689453;False;[8190, 8190, 8190, 8190, 8190, 8190, 8190, 8190, 8190, 355, 8190, 8190, 8190, 8190, 8190, 8190, 8190, 8190];1.6305344104766846;0.561832070350647;0.025954198092222214;-0.11445312201976776;0.01582031324505806;1.1319091320037842;0.6604166626930237;1.1512500047683716;0.5260000228881836;0;0;287.0272521972656;False;[False, False, False];0;0
715.691;36.29199981689453;False;[8190, 8190, 8190, 8190, 8190, 8190, 8190, 8190, 8190, 361, 8190, 8190, 8190, 8190, 8190, 8190, 8190, 8190];1.6335878372192383;0.56030535697937;0.04122137278318405;-0.113525390625;0.01606445387005806;1.132080078125;0.6645833253860474;1.153749942779541;0.5260000228881836;0;0;287.02935791015625;False;[False, False, False];0;0
715.757;36.29199981689453;False;[8190, 8190, 8190, 8190, 8190, 8190, 8190, 8190, 8190, 376, 8190, 8190, 8190, 8190, 8190, 8190, 8190, 8190];1.6244274377822876;0.621374011039734;0.06106870248913765;-0.11328125;0.01689453050494194;1.1334228515625;0.6637499928474426;1.153333306312561;0.522499978542328;0;0;287.0318603515625;False;[False, False, False];0;0
715.824;36.29199981689453;False;[8190, 8190, 8190, 8190, 8190, 8190, 8190, 8190, 8190, 400, 8190, 8190, 8190, 8190, 8190, 8190, 8190, 8190];1.6290076971054077;0.638167977333069;0.04580152779817581;-0.1141357421875;0.01875000074505806;1.1345703601837158;0.662083327770233;1.15583336353302;0.5268333554267883;0;0;287.0350646972656;False;[False, False, False];0;0
715.891;36.29199981689453;False;[8190, 8190, 8190, 8190, 8190, 8190, 8190, 8190, 8190, 366, 8190, 8190, 8190, 8190, 8190, 8190, 8190, 8190];1.6274808645248413;0.6259541511535645;0.00305343559011817;-0.11467285454273224;0.01716308668255806;1.1329834461212158;0.6691666841506958;1.1579166650772095;0.5264166593551636;0;0;287.0365295410156;False;[False, False, False];0;0
715.962;36.29199981689453;False;[8190, 8190, 8190, 8190, 8190, 8190, 8190, 8190, 8190, 369, 8190, 8190, 8190, 8190, 8190, 8190, 8190, 8190];1.6091601848602295;0.6045801043510437;0.03816794231534004;-0.11457519233226776;0.01682128943502903;1.1322510242462158;0.6691666841506958;1.1554166078567505;0.521250009536743;0;0;287.0381774902344;False;[False, False, False];0;0
716.032;36.29199981689453;False;[8190, 8190, 8190, 8190, 8190, 8190, 8190, 8190, 8190, 377, 8190, 8190, 8190, 8190, 8190, 8190, 8190, 8190];1.5923664569854736;0.583206057548523;0.07022900879383087;-0.11518554389476776;0.01774902269244194;1.1326904296875;0.6675000190734863;1.153749942779541;0.5235000252723694;0;0;287.0417785644531;False;[False, False, False];0;0
716.271;36.29199981689453;False;[8190, 8190, 8190, 8190, 8190, 8190, 8190, 8190, 8190, 380, 8190, 8190, 8190, 8190, 8190, 8190, 8190, 8190];1.5725191831588745;0.5847328901290894;0.05648855119943619;-0.11472167819738388;0.017333984375;1.134130835533142;0.665416657924652;1.1549999713897705;0.521250009536743;0;0;287.0508117675781;False;[False, False, False];0;0
716.34;36.29199981689453;False;[8190, 8190, 8190, 8190, 8190, 8190, 8190, 8190, 8190, 358, 8190, 8190, 8190, 8190, 8190, 8190, 8190, 8190];1.6061069965362549;0.5938931107521057;0.02442748285830021;-0.11479492485523224;0.01704101637005806;1.1334960460662842;0.665000021457672;1.153749942779541;0.5272499918937683;0;0;287.0529479980469;False;[False, False, False];0;0
716.408;36.29199981689453;False;[8190, 8190, 8190, 8190, 8190, 8190, 8190, 8190, 8190, 381, 8190, 8190, 8190, 8190, 8190, 8190, 8190, 8190];1.6076335906982422;0.5648854970932007;0.015267175622284412;-0.11516113579273224;0.01730957068502903;1.1309082508087158;0.6645833253860474;1.153333306312561;0.524333357810974;0;0;287.0538024902344;False;[False, False, False];0;0
716.479;36.29199981689453;False;[8190, 8190, 8190, 8190, 8190, 8190, 8190, 8190, 8190, 338, 8190, 8190, 8190, 8190, 8190, 8190, 8190, 8190];1.6290076971054077;0.580152690410614;0.0625954121351242;-0.11530761420726776;0.01804199256002903;1.1320312023162842;0.662083327770233;1.15625;0.522083342075348;0;0;287.0571594238281;False;[False, False, False];0;0
716.544;36.29199981689453;False;[8190, 8190, 8190, 8190, 8190, 8190, 8190, 8190, 8190, 348, 8190, 8190, 8190, 8190, 8190, 8190, 8190, 8190];1.5862596035003662;0.5938931703567505;0.04732824116945267;-0.11540527641773224;0.01694335974752903;1.1314208507537842;0.6641666889190674;1.1575000286102295;0.5235000252723694;0;0;287.0596008300781;False;[False, False, False];0;0
716.613;36.29199981689453;False;[8190, 8190, 8190, 8190, 8190, 8190, 8190, 8190, 8190, 343, 8190, 8190, 8190, 8190, 8190, 8190, 8190, 8190];1.6152671575546265;0.540458083152771;0.01679389551281929;-0.11574707180261612;0.01667480543255806;1.1322510242462158;0.6645833253860474;1.1570833921432495;0.528083324432373;0;0;287.0610046386719;False;[False, False, False];0;0
716.687;36.29199981689453;False;[8190, 8190, 8190, 8190, 8190, 8190, 8190, 8190, 8190, 354, 8190, 8190, 8190, 8190, 8190, 8190, 8190, 8190];1.604580283164978;0.5679389238357544;0.030534351244568825;-0.114990234375;0.01625976525247097;1.134130835533142;0.6616666913032532;1.15583336353302;0.525166690349579;0;0;287.0621032714844;False;[False, False, False];0;0
716.751;36.29199981689453;False;[8190, 8190, 8190, 8190, 8190, 8190, 8190, 8190, 8190, 383, 8190, 8190, 8190, 8190, 8190, 8190, 8190, 8190];1.6015266180038452;0.570992350578308;0.05038168281316757;-0.11635742336511612;0.01662597618997097;1.1326415538787842;0.6641666889190674;1.150166630744934;0.531000018119812;0;0;287.0639343261719;False;[False, False, False];0;0
716.82;36.29199981689453;False;[8190, 8190, 8190, 8190, 8190, 8190, 8190, 8190, 8190, 332, 8190, 8190, 8190, 8190, 8190, 8190, 8190, 8190];1.6152671575546265;0.5923665165901184;0.0687022879719734;-0.11569824069738388;0.01735839806497097;1.1311523914337158;0.6612499952316284;1.1570833921432495;0.525166690349579;0;0;287.0672302246094;False;[False, False, False];0;0
716.891;36.29199981689453;False;[8190, 8190, 8190, 8190, 8190, 8190, 8190, 8190, 8190, 320, 8190, 8190, 8190, 8190, 8190, 8190, 8190, 8190];1.6320610046386719;0.583206057548523;0.035114504396915436;-0.11528320610523224;0.01738281175494194;1.134545922279358;0.6641666889190674;1.1520832777023315;0.524749994277954;0;0;287.0704040527344;False;[False, False, False];0;0
716.956;36.29199981689453;False;[8190, 8190, 8190, 8190, 8190, 8190, 8190, 8190, 8190, 332, 8190, 8190, 8190, 8190, 8190, 8190, 8190, 8190];1.6015268564224243;0.5389313101768494;0.035114504396915436;-0.11550293117761612;0.01628417894244194;1.134130835533142;0.665416657924652;1.1554166078567505;0.5260000228881836;0;0;287.0722351074219;False;[False, False, False];0;0
717.027;36.29199981689453;False;[8190, 8190, 8190, 8190, 8190, 8190, 8190, 8190, 8190, 353, 8190, 8190, 8190, 8190, 8190, 8190, 8190, 8190];1.5755724906921387;0.6015267372131348;0.02442748472094536;-0.11447753757238388;0.01740722730755806;1.1319091320037842;0.6679166555404663;1.152500033378601;0.524749994277954;0;0;287.0741882324219;False;[False, False, False];0;0
717.099;36.29199981689453;False;[8190, 8190, 8190, 8190, 8190, 8190, 8190, 8190, 8190, 393, 8190, 8190, 8190, 8190, 8190, 8190, 8190, 8190];1.56488561630249;0.5832061171531677;0.004580152221024036;-0.11472167819738388;0.01667480543255806;1.133544921875;0.6679166555404663;1.1545833349227905;0.525583326816559;0;0;287.0751037597656;False;[False, False, False];0;0
717.168;36.29199981689453;False;[8190, 8190, 8190, 8190, 8190, 8190, 8190, 8190, 8190, 387, 8190, 8190, 8190, 8190, 8190, 8190, 8190, 8190];1.5862596035003662;0.5572519302368164;0.013740459457039833;-0.11601562798023224;0.01674804650247097;1.1337401866912842;0.6616666913032532;1.1541666984558105;0.5260000228881836;0;0;287.0755920410156;False;[False, False, False];0;0
717.236;36.29199981689453;False;[8190, 8190, 8190, 8190, 8190, 8190, 8190, 8190, 8190, 292, 8190, 8190, 8190, 8190, 8190, 8190, 8190, 8190];1.6229007244110107;0.5938931703567505;0.025954198092222214;-0.114990234375;0.01618652418255806;1.1334228515625;0.665000021457672;1.1575000286102295;0.524749994277954;0;0;287.0768737792969;False;[False, False, False];0;0
717.303;36.29199981689453;False;[8190, 8190, 8190, 8190, 8190, 8190, 8190, 8190, 8190, 382, 8190, 8190, 8190, 8190, 8190, 8190, 8190, 8190];1.642748236656189;0.625954270362854;0.044274814426898956;-0.11442871391773224;0.01689453050494194;1.1325194835662842;0.6645833253860474;1.1545833349227905;0.522499978542328;0;0;287.0792541503906;False;[False, False, False];0;0
717.371;36.29199981689453;False;[8190, 8190, 8190, 8190, 8190, 8190, 8190, 8190, 8190, 328, 8190, 8190, 8190, 8190, 8190, 8190, 8190, 8190];1.6091601848602295;0.616793930530548;0.0732824355363846;-0.1134033203125;0.0155029296875;1.131372094154358;0.6616666913032532;1.15666663646698;0.522499978542328;0;0;287.0830993652344;False;[False, False, False];0;0
717.44;36.29199981689453;False;[8190, 8190, 8190, 8190, 8190, 8190, 8190, 8190, 8190, 345, 8190, 8190, 8190, 8190, 8190, 8190, 8190, 8190];1.6076335906982422;0.6061068773269653;0.051908403635025024;-0.11003418266773224;0.0169677734375;1.131860375404358;0.6600000262260437;1.1520832777023315;0.5260000228881836;0;0;287.08612060546875;False;[False, False, False];0;0
717.511;36.29199981689453;False;[8190, 8190, 8190, 8190, 8190, 8190, 8190, 8190, 8190, 391, 8190, 8190, 8190, 8190, 8190, 8190, 8190, 8190];1.619847297668457;0.570992350578308;0.02442748472094536;-0.11350097507238388;0.01694335974752903;1.1306641101837158;0.6616666913032532;1.1489167213439941;0.5264166593551636;0;0;287.088134765625;False;[False, False, False];0;0
717.579;36.29199981689453;False;[8190, 8190, 8190, 8190, 8190, 8190, 8190, 8190, 8190, 422, 8190, 8190, 8190, 8190, 8190, 8190, 8190, 8190];1.6351146697998047;0.5984732508659363;0.06106870621442795;-0.1141357421875;0.01655273512005806;1.129907250404358;0.662500023841858;1.1545833349227905;0.5272499918937683;0;0;287.0908203125;False;[False, False, False];0;0
717.648;36.29199981689453;False;[8190, 8190, 8190, 8190, 8190, 8190, 8190, 8190, 8190, 341, 8190, 8190, 8190, 8190, 8190, 8190, 8190, 8190];1.6213738918304443;0.5572519302368164;0.04580152779817581;-0.11333008110523224;0.01701660081744194;1.133056640625;0.662916660308838;1.15583336353302;0.5235000252723694;0;0;287.0931091308594;False;[False, False, False];0;0
717.712;36.29199981689453;False;[8190, 8190, 8190, 8190, 8190, 8190, 8190, 8190, 8190, 343, 8190, 8190, 8190, 8190, 8190, 8190, 8190, 8190];1.5999999046325684;0.569465696811676;0.00916030537337065;-0.11257324367761612;0.01582031324505806;1.132348656654358;0.665416657924652;1.159583330154419;0.5230833292007446;0;0;287.09356689453125;False;[False, False, False];0;0
717.779;36.29199981689453;False;[8190, 8190, 8190, 8190, 8190, 8190, 8190, 8190, 8190, 323, 8190, 8190, 8190, 8190, 8190, 8190, 8190, 8190];1.5969464778900146;0.6427480578422546;0.068702295422554;-0.11394043266773224;0.0177001953125;1.1333739757537842;0.6670833230018616;1.1549999713897705;0.5264166593551636;0;0;287.09716796875;False;[False, False, False];0;0
717.847;36.29199981689453;False;[8190, 8190, 8190, 8190, 8190, 8190, 8190, 8190, 8190, 351, 8190, 8190, 8190, 8190, 8190, 8190, 8190, 8190];1.5893131494522095;0.621374011039734;0.0656488612294197;-0.1124267578125;0.01723632775247097;1.1334717273712158;0.6670833230018616;1.1554166078567505;0.5293333530426025;0;0;287.1011962890625;False;[False, False, False];0;0
717.916;36.29199981689453;False;[8190, 8190, 8190, 8190, 8190, 8190, 8190, 8190, 8190, 370, 8190, 8190, 8190, 8190, 8190, 8190, 8190, 8190];1.6229007244110107;0.6122137308120728;0.013740457594394684;-0.11276855319738388;0.01613769493997097;1.1328125;0.6616666913032532;1.1701666116714478;0.5293333530426025;0;0;287.1047058105469;False;[False, False, False];0;0
717.984;36.29199981689453;False;[8190, 8190, 8190, 8190, 8190, 8190, 8190, 8190, 8190, 348, 8190, 8190, 8190, 8190, 8190, 8190, 8190, 8190];1.6122138500213623;0.6000000834465027;0.03358778357505798;-0.114501953125;0.01621093787252903;1.1327636241912842;0.666249990463257;1.15666663646698;0.5204166769981384;0;0;287.10546875;False;[False, False, False];0;0
718.052;36.29199981689453;False;[8190, 8190, 8190, 8190, 8190, 8190, 8190, 8190, 8190, 350, 8190, 8190, 8190, 8190, 8190, 8190, 8190, 8190];1.600000023841858;0.5770992040634155;0.0183206107467413;-0.113525390625;0.01621093787252903;1.1325194835662842;0.662500023841858;1.15583336353302;0.5322499871253967;0;0;287.1073303222656;False;[False, False, False];0;0
718.123;36.29199981689453;False;[8190, 8190, 8190, 8190, 8190, 8190, 8190, 8190, 8190, 391, 8190, 8190, 8190, 8190, 8190, 8190, 8190, 8190];1.625954270362854;0.5954198837280273;0.0396946594119072;-0.11398925632238388;0.01674804650247097;1.1311767101287842;0.6637499928474426;1.15666663646698;0.524749994277954;0;0;287.1088562011719;False;[False, False, False];0;0
718.191;36.29199981689453;False;[8190, 8190, 8190, 8190, 8190, 8190, 8190, 8190, 8190, 346, 8190, 8190, 8190, 8190, 8190, 8190, 8190, 8190];1.61374032497406;0.6244274973869324;0.030534353107213974;-0.11369629204273224;0.01679687574505806;1.1339111328125;0.665833353996277;1.1579166650772095;0.5260000228881836;0;0;287.1107482910156;False;[False, False, False];0;0
718.256;36.29199981689453;False;[8190, 8190, 8190, 8190, 8190, 8190, 8190, 8190, 8190, 359, 8190, 8190, 8190, 8190, 8190, 8190, 8190, 8190];1.6061069965362549;0.5938931107521057;0.035114504396915436;-0.11442871391773224;0.01633300818502903;1.133056640625;0.662083327770233;1.149749994277954;0.522499978542328;0;0;287.1123962402344;False;[False, False, False];0;0
718.327;36.29199981689453;False;[8190, 8190, 8190, 8190, 8190, 8190, 8190, 8190, 8190, 327, 8190, 8190, 8190, 8190, 8190, 8190, 8190, 8190];1.5954197645187378;0.5648854970932007;0.07786259800195694;-0.1146240234375;0.01828613318502903;1.1311523914337158;0.665416657924652;1.1554166078567505;0.524333357810974;0;0;287.1154479980469;False;[False, False, False];0;0
718.391;36.29199981689453;False;[8190, 8190, 8190, 8190, 8190, 8190, 8190, 8190, 8190, 360, 8190, 8190, 8190, 8190, 8190, 8190, 8190, 8190];1.6137405633926392;0.6229007840156555;0.0687022879719734;-0.11552734673023224;0.01621093787252903;1.131103515625;0.668749988079071;1.1554166078567505;0.5235000252723694;0;0;287.1200256347656;False;[False, False, False];0;0
718.457;36.29199981689453;False;[8190, 8190, 8190, 8190, 8190, 8190, 8190, 8190, 8190, 325, 8190, 8190, 8190, 8190, 8190, 8190, 8190, 8190];1.6229007244110107;0.570992350578308;0.021374046802520752;-0.1136474609375;0.01516113243997097;1.130517601966858;0.665833353996277;1.153333306312561;0.5260000228881836;0;0;287.123046875;False;[False, False, False];0;0
718.729;36.29199981689453;False;[8190, 8190, 8190, 8190, 8190, 8190, 8190, 8190, 8190, 351, 8190, 8190, 8190, 8190, 8190, 8190, 8190, 8190];1.5954198837280273;0.5251908898353577;0.0076335882768034935;-0.11411132663488388;0.01840820349752903;1.1338622570037842;0.6675000190734863;1.153333306312561;0.5229166746139526;0;0;287.13134765625;False;[False, False, False];0;0
718.812;36.29199981689453;False;[8190, 8190, 8190, 8190, 8190, 8190, 8190, 8190, 8190, 334, 8190, 8190, 8190, 8190, 8190, 8190, 8190, 8190];1.6137405633926392;0.607633650302887;0.0427480936050415;-0.11479492485523224;0.01630859449505806;1.133056640625;0.6666666865348816;1.1575000286102295;0.527666687965393;0;0;287.133544921875;False;[False, False, False];0;0
718.896;36.29199981689453;False;[8190, 8190, 8190, 8190, 8190, 8190, 8190, 8190, 8190, 401, 8190, 8190, 8190, 8190, 8190, 8190, 8190, 8190];1.5938931703567505;0.619847297668457;0.04732824116945267;-0.11423339694738388;0.01762695237994194;1.1340820789337158;0.6608333587646484;1.152916669845581;0.525166690349579;0;0;287.13665771484375;False;[False, False, False];0;0
718.969;36.29199981689453;False;[8190, 8190, 8190, 8190, 8190, 8190, 8190, 8190, 8190, 371, 8190, 8190, 8190, 8190, 8190, 8190, 8190, 8190];1.6229007244110107;0.589312970638275;0.054961830377578735;-0.11477050930261612;0.01804199256002903;1.1346435546875;0.6604166626930237;1.1545833349227905;0.521666646003723;0;0;287.1397705078125;False;[False, False, False];0;0
719.041;36.29199981689453;False;[8190, 8190, 8190, 8190, 8190, 8190, 8190, 8190, 8190, 357, 8190, 8190, 8190, 8190, 8190, 8190, 8190, 8190];1.6152671575546265;0.6076335310935974;0.051908403635025024;-0.11494140326976776;0.01584472693502903;1.135839819908142;0.6608333587646484;1.149749994277954;0.5235000252723694;0;0;287.1429443359375;False;[False, False, False];0;0
719.105;36.29199981689453;False;[8190, 8190, 8190, 8190, 8190, 8190, 8190, 8190, 8190, 320, 8190, 8190, 8190, 8190, 8190, 8190, 8190, 8190];1.6030534505844116;0.5770992636680603;0.03816794231534004;-0.11403808742761612;0.01643066480755806;1.132568359375;0.662083327770233;1.1549999713897705;0.5293333530426025;0;0;287.14556884765625;False;[False, False, False];0;0
719.175;36.29199981689453;False;[8190, 8190, 8190, 8190, 8190, 8190, 8190, 8190, 8190, 330, 8190, 8190, 8190, 8190, 8190, 8190, 8190, 8190];1.6167938709259033;0.5954198241233826;0.01221374049782753;-0.11313476413488388;0.0167236328125;1.1315429210662842;0.662916660308838;1.1575000286102295;0.5272499918937683;0;0;287.1468505859375;False;[False, False, False];0;0
719.248;36.29199981689453;False;[8190, 8190, 8190, 8190, 8190, 8190, 8190, 8190, 8190, 345, 8190, 8190, 8190, 8190, 8190, 8190, 8190, 8190];1.6244275569915771;0.6366411447525024;0.03358778730034828;-0.11472167819738388;0.01708984375;1.1299316883087158;0.6759999990463257;1.1714166402816772;0.5239166617393494;0;0;287.1484375;False;[False, False, False];0;0
